dataset,split_id,model_id,threat_id,hardware_id,n_runs,clean_macro_f1,clean_macro_f1_std,clean_macro_f1_ci_low,clean_macro_f1_ci_high,clean_bal_acc,clean_bal_acc_std,clean_bal_acc_ci_low,clean_bal_acc_ci_high,robust_utility,robust_utility_std,robust_utility_ci_low,robust_utility_ci_high,asr,asr_std,asr_ci_low,asr_ci_high,validity_rate,validity_rate_std,validity_rate_ci_low,validity_rate_ci_high,valid_count,valid_count_std,valid_count_ci_low,valid_count_ci_high,invalid_count,invalid_count_std,invalid_count_ci_low,invalid_count_ci_high,budget_pass_rate,budget_pass_rate_std,budget_pass_rate_ci_low,budget_pass_rate_ci_high,bounds_pass_rate,bounds_pass_rate_std,bounds_pass_rate_ci_low,bounds_pass_rate_ci_high,immutable_pass_rate,immutable_pass_rate_std,immutable_pass_rate_ci_low,immutable_pass_rate_ci_high,relation_pass_rate,relation_pass_rate_std,relation_pass_rate_ci_low,relation_pass_rate_ci_high,p95_latency_ms,p95_latency_ms_std,p95_latency_ms_ci_low,p95_latency_ms_ci_high,throughput_fps,throughput_fps_std,throughput_fps_ci_low,throughput_fps_ci_high,peak_mem_mb,peak_mem_mb_std,peak_mem_mb_ci_low,peak_mem_mb_ci_high,energy_per_flow_j,energy_per_flow_j_std,energy_per_flow_j_ci_low,energy_per_flow_j_ci_high,service_cost,service_cost_std,service_cost_ci_low,service_cost_ci_high,raise_score,raise_score_std,raise_score_ci_low,raise_score_ci_high,thread_count,thread_count_std,thread_count_ci_low,thread_count_ci_high,batch_size,batch_size_std,batch_size_ci_low,batch_size_ci_high,shift_utility_drop,shift_utility_drop_std,shift_utility_drop_ci_low,shift_utility_drop_ci_high
CICIDS2017,cicids2017_friday_holdout_sample,extra_trees,a0_clean,jetson_orin_nx_super_ina3221_20260608t140153z,10,0.5099464487213616,0.038985319024561454,0.48578309764988364,0.5341097997928396,0.56487707426841,0.02230713127884648,0.5510509710589243,0.5787031774778958,0.5374117614948858,0.03064532120243484,0.5184175946279656,0.556405928361806,0.0,0.0,0.0,0.0,1.0,0.0,1.0,1.0,90000.0,0.0,90000.0,90000.0,0.0,0.0,0.0,0.0,1.0,0.0,1.0,1.0,1.0,0.0,1.0,1.0,1.0,0.0,1.0,1.0,1.0,0.0,1.0,1.0,0.0048807453321965105,0.0001480724835147035,0.004788969056082488,0.004972521608310533,205057.5430084747,6256.601323424941,201179.66133211995,208935.42468482943,29.882643604278563,0.0010202825096808257,29.882011226627426,29.8832759819297,7.885391547583102e-05,0.0,7.885391547583102e-05,7.885391547583102e-05,8.689994430966816,0.4469836589190497,8.41295108891105,8.967037773022582,0.36054005028747993,0.03958452951184368,0.33600530470821843,0.3850747958667414,8.0,0.0,8.0,8.0,1.0,0.0,1.0,1.0,0.0,0.0,0.0,0.0
CICIDS2017,cicids2017_friday_holdout_sample,extra_trees,a1_constrained_feature,jetson_orin_nx_super_ina3221_20260608t140153z,10,0.5099464487213616,0.038985319024561454,0.48578309764988364,0.5341097997928396,0.56487707426841,0.02230713127884648,0.5510509710589243,0.5787031774778958,0.5274531217656371,0.022392710069495635,0.5135739762721719,0.5413322672591022,0.8842227513042535,0.03252884221248777,0.8640611660204739,0.9043843365880332,0.9955022222222223,0.005024007658159514,0.9923883100145674,0.9986161344298772,89595.2,452.16068923435716,89314.94790131105,89875.45209868894,404.8,452.16068923435716,124.54790131105966,685.0520986889403,1.0,0.0,1.0,1.0,0.9955022222222223,0.005024007658159514,0.9923883100145674,0.9986161344298772,1.0,0.0,1.0,1.0,1.0,0.0,1.0,1.0,0.0048807453321965105,0.0001480724835147035,0.004788969056082488,0.004972521608310533,205057.5430084747,6256.601323424941,201179.66133211995,208935.42468482943,29.882643604278563,0.0010202825096808257,29.882011226627426,29.8832759819297,7.885391547583102e-05,0.0,7.885391547583102e-05,7.885391547583102e-05,8.689994430966816,0.4469836589190497,8.41295108891105,8.967037773022582,0.35406693446346826,0.0337264038024323,0.33316309281622736,0.37497077611070917,8.0,0.0,8.0,8.0,1.0,0.0,1.0,1.0,0.0,0.0,0.0,0.0
CICIDS2017,cicids2017_friday_holdout_sample,extra_trees,a1_constrained_score_search,jetson_orin_nx_super_ina3221_20260608t140153z,10,0.5099464487213616,0.038985319024561454,0.48578309764988364,0.5341097997928396,0.56487707426841,0.02230713127884648,0.5510509710589243,0.5787031774778958,0.5162860918286201,0.013951074206609855,0.507639126450033,0.5249330572072072,0.9003774673355125,0.02011883185695287,0.887907686159647,0.912847248511378,0.9955022222222223,0.005024007658159514,0.9923883100145674,0.9986161344298772,89595.2,452.16068923435716,89314.94790131105,89875.45209868894,404.8,452.16068923435716,124.54790131105966,685.0520986889403,1.0,0.0,1.0,1.0,0.9955022222222223,0.005024007658159514,0.9923883100145674,0.9986161344298772,1.0,0.0,1.0,1.0,1.0,0.0,1.0,1.0,0.0048807453321965105,0.0001480724835147035,0.004788969056082488,0.004972521608310533,205057.5430084747,6256.601323424941,201179.66133211995,208935.42468482943,29.882643604278563,0.0010202825096808257,29.882011226627426,29.8832759819297,7.885391547583102e-05,0.0,7.885391547583102e-05,7.885391547583102e-05,8.689994430966816,0.4469836589190497,8.41295108891105,8.967037773022582,0.3468083650044071,0.027219458967410876,0.3299375695495625,0.3636791604592517,8.0,0.0,8.0,8.0,1.0,0.0,1.0,1.0,0.0,0.0,0.0,0.0
CICIDS2017,cicids2017_friday_holdout_sample,extra_trees,a4_split_shift,jetson_orin_nx_super_ina3221_20260608t140153z,10,0.5099464487213616,0.038985319024561454,0.48578309764988364,0.5341097997928396,0.56487707426841,0.02230713127884648,0.5510509710589243,0.5787031774778958,0.5374117614948858,0.03064532120243484,0.5184175946279656,0.556405928361806,0.0,0.0,0.0,0.0,1.0,0.0,1.0,1.0,90000.0,0.0,90000.0,90000.0,0.0,0.0,0.0,0.0,1.0,0.0,1.0,1.0,1.0,0.0,1.0,1.0,1.0,0.0,1.0,1.0,1.0,0.0,1.0,1.0,0.0048807453321965105,0.0001480724835147035,0.004788969056082488,0.004972521608310533,205057.5430084747,6256.601323424941,201179.66133211995,208935.42468482943,29.882643604278563,0.0010202825096808257,29.882011226627426,29.8832759819297,7.885391547583102e-05,0.0,7.885391547583102e-05,7.885391547583102e-05,8.689994430966816,0.4469836589190497,8.41295108891105,8.967037773022582,0.36054005028747993,0.03958452951184368,0.33600530470821843,0.3850747958667414,8.0,0.0,8.0,8.0,1.0,0.0,1.0,1.0,0.0,0.0,0.0,0.0
CICIDS2017,cicids2017_friday_holdout_sample,hist_gradient_boosting,a0_clean,jetson_orin_nx_super_ina3221_20260608t140153z,10,0.5669876387818666,0.09366730697190047,0.5089320404460932,0.6250432371176401,0.6029143320266591,0.05921069820159144,0.5662151610661497,0.6396135029871686,0.5849509854042628,0.07643889787179264,0.5375736656591218,0.6323283051494039,0.0,0.0,0.0,0.0,1.0,0.0,1.0,1.0,90000.0,0.0,90000.0,90000.0,0.0,0.0,0.0,0.0,1.0,0.0,1.0,1.0,1.0,0.0,1.0,1.0,1.0,0.0,1.0,1.0,1.0,0.0,1.0,1.0,0.0009684604533928002,6.675349511419554e-05,0.0009270862084705954,0.001009834698315005,1037233.7940392739,75467.48834668839,990458.5601555948,1084009.027922953,2.060932445526123,6.811197783253696e-05,2.0608902292848885,2.060974661767357,7.885391547583102e-05,0.0,7.885391547583102e-05,7.885391547583102e-05,7.935031582656722,1.184266779147601,7.201015428298631,8.669047737014814,0.42551657262904763,0.1001242123643738,0.3634589428686921,0.48757420238940313,8.0,0.0,8.0,8.0,1.0,0.0,1.0,1.0,0.0,0.0,0.0,0.0
CICIDS2017,cicids2017_friday_holdout_sample,hist_gradient_boosting,a1_constrained_feature,jetson_orin_nx_super_ina3221_20260608t140153z,10,0.5669876387818666,0.09366730697190047,0.5089320404460932,0.6250432371176401,0.6029143320266591,0.05921069820159144,0.5662151610661497,0.6396135029871686,0.5665253897832226,0.07649945568303208,0.51911053591781,0.6139402436486353,0.8222027146497399,0.11789403319754792,0.74913123582998,0.8952741934694999,0.9955022222222223,0.005024007658159514,0.9923883100145674,0.9986161344298772,89595.2,452.16068923435716,89314.94790131105,89875.45209868894,404.8,452.16068923435716,124.54790131105966,685.0520986889403,1.0,0.0,1.0,1.0,0.9955022222222223,0.005024007658159514,0.9923883100145674,0.9986161344298772,1.0,0.0,1.0,1.0,1.0,0.0,1.0,1.0,0.0009684604533928002,6.675349511419554e-05,0.0009270862084705954,0.001009834698315005,1037233.7940392739,75467.48834668839,990458.5601555948,1084009.027922953,2.060932445526123,6.811197783253696e-05,2.0608902292848885,2.060974661767357,7.885391547583102e-05,0.0,7.885391547583102e-05,7.885391547583102e-05,7.935031582656722,1.184266779147601,7.201015428298631,8.669047737014814,0.4135399354753716,0.09716372258746647,0.3533172362892116,0.4737626346615316,8.0,0.0,8.0,8.0,1.0,0.0,1.0,1.0,0.0,0.0,0.0,0.0
CICIDS2017,cicids2017_friday_holdout_sample,hist_gradient_boosting,a1_constrained_score_search,jetson_orin_nx_super_ina3221_20260608t140153z,10,0.5669876387818666,0.09366730697190047,0.5089320404460932,0.6250432371176401,0.6029143320266591,0.05921069820159144,0.5662151610661497,0.6396135029871686,0.5574917654219759,0.08306895883041598,0.5060050913204531,0.6089784395234986,0.8348072122542473,0.12680922272579184,0.7562100417169461,0.9134043827915485,0.9955022222222223,0.005024007658159514,0.9923883100145674,0.9986161344298772,89595.2,452.16068923435716,89314.94790131105,89875.45209868894,404.8,452.16068923435716,124.54790131105966,685.0520986889403,1.0,0.0,1.0,1.0,0.9955022222222223,0.005024007658159514,0.9923883100145674,0.9986161344298772,1.0,0.0,1.0,1.0,1.0,0.0,1.0,1.0,0.0009684604533928002,6.675349511419554e-05,0.0009270862084705954,0.001009834698315005,1037233.7940392739,75467.48834668839,990458.5601555948,1084009.027922953,2.060932445526123,6.811197783253696e-05,2.0608902292848885,2.060974661767357,7.885391547583102e-05,0.0,7.885391547583102e-05,7.885391547583102e-05,7.935031582656722,1.184266779147601,7.201015428298631,8.669047737014814,0.40766807964056107,0.10022524726642643,0.3455478277991285,0.4697883314819936,8.0,0.0,8.0,8.0,1.0,0.0,1.0,1.0,0.0,0.0,0.0,0.0
CICIDS2017,cicids2017_friday_holdout_sample,hist_gradient_boosting,a4_split_shift,jetson_orin_nx_super_ina3221_20260608t140153z,10,0.5669876387818666,0.09366730697190047,0.5089320404460932,0.6250432371176401,0.6029143320266591,0.05921069820159144,0.5662151610661497,0.6396135029871686,0.5849509854042628,0.07643889787179264,0.5375736656591218,0.6323283051494039,0.0,0.0,0.0,0.0,1.0,0.0,1.0,1.0,90000.0,0.0,90000.0,90000.0,0.0,0.0,0.0,0.0,1.0,0.0,1.0,1.0,1.0,0.0,1.0,1.0,1.0,0.0,1.0,1.0,1.0,0.0,1.0,1.0,0.0009684604533928002,6.675349511419554e-05,0.0009270862084705954,0.001009834698315005,1037233.7940392739,75467.48834668839,990458.5601555948,1084009.027922953,2.060932445526123,6.811197783253696e-05,2.0608902292848885,2.060974661767357,7.885391547583102e-05,0.0,7.885391547583102e-05,7.885391547583102e-05,7.935031582656722,1.184266779147601,7.201015428298631,8.669047737014814,0.42551657262904763,0.1001242123643738,0.3634589428686921,0.48757420238940313,8.0,0.0,8.0,8.0,1.0,0.0,1.0,1.0,0.0,0.0,0.0,0.0
CICIDS2017,cicids2017_friday_holdout_sample,logistic_regression,a0_clean,jetson_orin_nx_super_ina3221_20260608t140153z,10,0.7020151941180357,0.041286607687873234,0.6764254895555581,0.7276048986805133,0.6944761310428802,0.03448270724096977,0.6731035276679121,0.7158487344178482,0.698245662580458,0.037883360757616995,0.6747653123189392,0.7217260128419767,0.0,0.0,0.0,0.0,1.0,0.0,1.0,1.0,90000.0,0.0,90000.0,90000.0,0.0,0.0,0.0,0.0,1.0,0.0,1.0,1.0,1.0,0.0,1.0,1.0,1.0,0.0,1.0,1.0,1.0,0.0,1.0,1.0,0.00013415126928072,3.906409399763419e-06,0.00013173005165015666,0.00013657248691128335,7459731.482561402,208354.66932787249,7330591.920584771,7588871.044538033,2.061412048339844,5.846575824483398e-05,2.0613758108874523,2.0614482857922356,7.885391547583102e-05,0.0,7.885391547583102e-05,7.885391547583102e-05,5.585861527769099,0.7116404375696286,5.144782214840517,6.026940840697681,0.5857963481847983,0.05210887191870786,0.5534989347580377,0.6180937616115589,8.0,0.0,8.0,8.0,1.0,0.0,1.0,1.0,0.0,0.0,0.0,0.0
CICIDS2017,cicids2017_friday_holdout_sample,logistic_regression,a1_constrained_feature,jetson_orin_nx_super_ina3221_20260608t140153z,10,0.7020151941180357,0.041286607687873234,0.6764254895555581,0.7276048986805133,0.6944761310428802,0.03448270724096977,0.6731035276679121,0.7158487344178482,0.6831682615748373,0.02418556417385919,0.6681778935948669,0.6981586295548078,0.5824752275617922,0.046344709306685605,0.5537504791359164,0.611199975987668,0.9955022222222223,0.005024007658159514,0.9923883100145674,0.9986161344298772,89595.2,452.16068923435716,89314.94790131105,89875.45209868894,404.8,452.16068923435716,124.54790131105966,685.0520986889403,1.0,0.0,1.0,1.0,0.9955022222222223,0.005024007658159514,0.9923883100145674,0.9986161344298772,1.0,0.0,1.0,1.0,1.0,0.0,1.0,1.0,0.00013415126928072,3.906409399763419e-06,0.00013173005165015666,0.00013657248691128335,7459731.482561402,208354.66932787249,7330591.920584771,7588871.044538033,2.061412048339844,5.846575824483398e-05,2.0613758108874523,2.0614482857922356,7.885391547583102e-05,0.0,7.885391547583102e-05,7.885391547583102e-05,5.585861527769099,0.7116404375696286,5.144782214840517,6.026940840697681,0.5759960375311449,0.04296084393150184,0.5493686305939375,0.6026234444683524,8.0,0.0,8.0,8.0,1.0,0.0,1.0,1.0,0.0,0.0,0.0,0.0
CICIDS2017,cicids2017_friday_holdout_sample,logistic_regression,a1_constrained_score_search,jetson_orin_nx_super_ina3221_20260608t140153z,10,0.7020151941180357,0.041286607687873234,0.6764254895555581,0.7276048986805133,0.6944761310428802,0.03448270724096977,0.6731035276679121,0.7158487344178482,0.6383994036315632,0.013556626119320096,0.6299969197103845,0.6468018875527419,0.6634161614764528,0.025979774293992758,0.6473137305426953,0.6795185924102103,0.9955022222222223,0.005024007658159514,0.9923883100145674,0.9986161344298772,89595.2,452.16068923435716,89314.94790131105,89875.45209868894,404.8,452.16068923435716,124.54790131105966,685.0520986889403,1.0,0.0,1.0,1.0,0.9955022222222223,0.005024007658159514,0.9923883100145674,0.9986161344298772,1.0,0.0,1.0,1.0,1.0,0.0,1.0,1.0,0.00013415126928072,3.906409399763419e-06,0.00013173005165015666,0.00013657248691128335,7459731.482561402,208354.66932787249,7330591.920584771,7588871.044538033,2.061412048339844,5.846575824483398e-05,2.0613758108874523,2.0614482857922356,7.885391547583102e-05,0.0,7.885391547583102e-05,7.885391547583102e-05,5.585861527769099,0.7116404375696286,5.144782214840517,6.026940840697681,0.5468962798680168,0.034456837654449714,0.5255397106288927,0.5682528491071409,8.0,0.0,8.0,8.0,1.0,0.0,1.0,1.0,0.0,0.0,0.0,0.0
CICIDS2017,cicids2017_friday_holdout_sample,logistic_regression,a4_split_shift,jetson_orin_nx_super_ina3221_20260608t140153z,10,0.7020151941180357,0.041286607687873234,0.6764254895555581,0.7276048986805133,0.6944761310428802,0.03448270724096977,0.6731035276679121,0.7158487344178482,0.698245662580458,0.037883360757616995,0.6747653123189392,0.7217260128419767,0.0,0.0,0.0,0.0,1.0,0.0,1.0,1.0,90000.0,0.0,90000.0,90000.0,0.0,0.0,0.0,0.0,1.0,0.0,1.0,1.0,1.0,0.0,1.0,1.0,1.0,0.0,1.0,1.0,1.0,0.0,1.0,1.0,0.00013415126928072,3.906409399763419e-06,0.00013173005165015666,0.00013657248691128335,7459731.482561402,208354.66932787249,7330591.920584771,7588871.044538033,2.061412048339844,5.846575824483398e-05,2.0613758108874523,2.0614482857922356,7.885391547583102e-05,0.0,7.885391547583102e-05,7.885391547583102e-05,5.585861527769099,0.7116404375696286,5.144782214840517,6.026940840697681,0.5857963481847983,0.05210887191870786,0.5534989347580377,0.6180937616115589,8.0,0.0,8.0,8.0,1.0,0.0,1.0,1.0,0.0,0.0,0.0,0.0
CICIDS2017,cicids2017_friday_holdout_sample,mlp_sklearn,a0_clean,jetson_orin_nx_super_ina3221_20260608t140153z,10,0.6510146957170091,0.0016342311582498042,0.6500017887510854,0.6520276026829328,0.6549645768851066,0.001399956611812992,0.6540968747874333,0.6558322789827798,0.6529896363010577,0.0015123301598030368,0.6520522843567454,0.6539269882453699,0.0,0.0,0.0,0.0,1.0,0.0,1.0,1.0,90000.0,0.0,90000.0,90000.0,0.0,0.0,0.0,0.0,1.0,0.0,1.0,1.0,1.0,0.0,1.0,1.0,1.0,0.0,1.0,1.0,1.0,0.0,1.0,1.0,0.00045381598208521994,8.464319795401876e-06,0.00044856974232330597,0.0004590622218471339,2204203.6692488394,39761.262450835864,2179559.3834591187,2228847.95503856,44.633502674102786,4.989184351568358e-05,44.6334717508178,44.633533597387775,7.885391547583102e-05,0.0,7.885391547583102e-05,7.885391547583102e-05,6.843254818909152,0.01921880849534625,6.831342877992214,6.85516675982609,0.5119170801919151,0.0017571002534540333,0.510828018171793,0.5130061422120371,8.0,0.0,8.0,8.0,1.0,0.0,1.0,1.0,0.0,0.0,0.0,0.0
CICIDS2017,cicids2017_friday_holdout_sample,mlp_sklearn,a1_constrained_feature,jetson_orin_nx_super_ina3221_20260608t140153z,10,0.6510146957170091,0.0016342311582498042,0.6500017887510854,0.6520276026829328,0.6549645768851066,0.001399956611812992,0.6540968747874333,0.6558322789827798,0.6489540534847691,0.005206675877340974,0.6457269223418811,0.6521811846276571,0.691077850382534,0.010130183357288719,0.6847990976877979,0.6973566030772701,0.9955022222222223,0.005024007658159514,0.9923883100145674,0.9986161344298772,89595.2,452.16068923435716,89314.94790131105,89875.45209868894,404.8,452.16068923435716,124.54790131105966,685.0520986889403,1.0,0.0,1.0,1.0,0.9955022222222223,0.005024007658159514,0.9923883100145674,0.9986161344298772,1.0,0.0,1.0,1.0,1.0,0.0,1.0,1.0,0.00045381598208521994,8.464319795401876e-06,0.00044856974232330597,0.0004590622218471339,2204203.6692488394,39761.262450835864,2179559.3834591187,2228847.95503856,44.633502674102786,4.989184351568358e-05,44.6334717508178,44.633533597387775,7.885391547583102e-05,0.0,7.885391547583102e-05,7.885391547583102e-05,6.843254818909152,0.01921880849534625,6.831342877992214,6.85516675982609,0.5092939513613274,0.003967118447126897,0.5068351058733714,0.5117527968492833,8.0,0.0,8.0,8.0,1.0,0.0,1.0,1.0,0.0,0.0,0.0,0.0
CICIDS2017,cicids2017_friday_holdout_sample,mlp_sklearn,a1_constrained_score_search,jetson_orin_nx_super_ina3221_20260608t140153z,10,0.6510146957170091,0.0016342311582498042,0.6500017887510854,0.6520276026829328,0.6549645768851066,0.001399956611812992,0.6540968747874333,0.6558322789827798,0.6482587638086611,0.005521995160935154,0.6448361957490124,0.6516813318683098,0.6922492658862953,0.010640342911875024,0.6856543130236916,0.698844218748899,0.9955022222222223,0.005024007658159514,0.9923883100145674,0.9986161344298772,89595.2,452.16068923435716,89314.94790131105,89875.45209868894,404.8,452.16068923435716,124.54790131105966,685.0520986889403,1.0,0.0,1.0,1.0,0.9955022222222223,0.005024007658159514,0.9923883100145674,0.9986161344298772,1.0,0.0,1.0,1.0,1.0,0.0,1.0,1.0,0.00045381598208521994,8.464319795401876e-06,0.00044856974232330597,0.0004590622218471339,2204203.6692488394,39761.262450835864,2179559.3834591187,2228847.95503856,44.633502674102786,4.989184351568358e-05,44.6334717508178,44.633533597387775,7.885391547583102e-05,0.0,7.885391547583102e-05,7.885391547583102e-05,6.843254818909152,0.01921880849534625,6.831342877992214,6.85516675982609,0.5088420130718572,0.004179026046652278,0.5062518258929735,0.5114322002507409,8.0,0.0,8.0,8.0,1.0,0.0,1.0,1.0,0.0,0.0,0.0,0.0
CICIDS2017,cicids2017_friday_holdout_sample,mlp_sklearn,a4_split_shift,jetson_orin_nx_super_ina3221_20260608t140153z,10,0.6510146957170091,0.0016342311582498042,0.6500017887510854,0.6520276026829328,0.6549645768851066,0.001399956611812992,0.6540968747874333,0.6558322789827798,0.6529896363010577,0.0015123301598030368,0.6520522843567454,0.6539269882453699,0.0,0.0,0.0,0.0,1.0,0.0,1.0,1.0,90000.0,0.0,90000.0,90000.0,0.0,0.0,0.0,0.0,1.0,0.0,1.0,1.0,1.0,0.0,1.0,1.0,1.0,0.0,1.0,1.0,1.0,0.0,1.0,1.0,0.00045381598208521994,8.464319795401876e-06,0.00044856974232330597,0.0004590622218471339,2204203.6692488394,39761.262450835864,2179559.3834591187,2228847.95503856,44.633502674102786,4.989184351568358e-05,44.6334717508178,44.633533597387775,7.885391547583102e-05,0.0,7.885391547583102e-05,7.885391547583102e-05,6.843254818909152,0.01921880849534625,6.831342877992214,6.85516675982609,0.5119170801919151,0.0017571002534540333,0.510828018171793,0.5130061422120371,8.0,0.0,8.0,8.0,1.0,0.0,1.0,1.0,0.0,0.0,0.0,0.0
CICIDS2017,cicids2017_friday_holdout_sample,random_forest,a0_clean,jetson_orin_nx_super_ina3221_20260608t140153z,10,0.5683136392131075,0.08853099922895966,0.5134415573986594,0.6231857210275557,0.6033105199803896,0.055139778432632416,0.5691345312336566,0.6374865087271226,0.5858120795967486,0.07182740033556287,0.5412929956368009,0.6303311635566964,0.0,0.0,0.0,0.0,1.0,0.0,1.0,1.0,90000.0,0.0,90000.0,90000.0,0.0,0.0,0.0,0.0,1.0,0.0,1.0,1.0,1.0,0.0,1.0,1.0,1.0,0.0,1.0,1.0,1.0,0.0,1.0,1.0,0.0032440439859508204,0.00012190095323253712,0.0031684889923633656,0.003319598979538275,308646.38187880965,11511.602410629986,301511.416784178,315781.3469734413,29.8823881149292,0.0004028250271410012,29.88213844139068,29.88263778846772,7.885391547583102e-05,0.0,7.885391547583102e-05,7.885391547583102e-05,7.930079286826986,1.1030952456813963,7.246373770145565,8.613784803508407,0.42414210300962446,0.09388615210496855,0.36595086305508484,0.4823333429641641,8.0,0.0,8.0,8.0,1.0,0.0,1.0,1.0,0.0,0.0,0.0,0.0
CICIDS2017,cicids2017_friday_holdout_sample,random_forest,a1_constrained_feature,jetson_orin_nx_super_ina3221_20260608t140153z,10,0.5683136392131075,0.08853099922895966,0.5134415573986594,0.6231857210275557,0.6033105199803896,0.055139778432632416,0.5691345312336566,0.6374865087271226,0.5162966690347297,0.0634906721410604,0.4769447427431427,0.5556485953263167,0.897435365520321,0.09395639319855376,0.8392005896849316,0.9556701413557104,0.9955022222222223,0.005024007658159514,0.9923883100145674,0.9986161344298772,89595.2,452.16068923435716,89314.94790131105,89875.45209868894,404.8,452.16068923435716,124.54790131105966,685.0520986889403,1.0,0.0,1.0,1.0,0.9955022222222223,0.005024007658159514,0.9923883100145674,0.9986161344298772,1.0,0.0,1.0,1.0,1.0,0.0,1.0,1.0,0.0032440439859508204,0.00012190095323253712,0.0031684889923633656,0.003319598979538275,308646.38187880965,11511.602410629986,301511.416784178,315781.3469734413,29.8823881149292,0.0004028250271410012,29.88213844139068,29.88263778846772,7.885391547583102e-05,0.0,7.885391547583102e-05,7.885391547583102e-05,7.930079286826986,1.1030952456813963,7.246373770145565,8.613784803508407,0.37895708614431217,0.082936313006869,0.3275526267759948,0.43036154551262956,8.0,0.0,8.0,8.0,1.0,0.0,1.0,1.0,0.0,0.0,0.0,0.0
CICIDS2017,cicids2017_friday_holdout_sample,random_forest,a1_constrained_score_search,jetson_orin_nx_super_ina3221_20260608t140153z,10,0.5683136392131075,0.08853099922895966,0.5134415573986594,0.6231857210275557,0.6033105199803896,0.055139778432632416,0.5691345312336566,0.6374865087271226,0.48652314943226155,0.0638863157129497,0.44692600071423466,0.5261202981502884,0.9384171768489074,0.09454056529248792,0.8798203273984989,0.9970140262993158,0.9955022222222223,0.005024007658159514,0.9923883100145674,0.9986161344298772,89595.2,452.16068923435716,89314.94790131105,89875.45209868894,404.8,452.16068923435716,124.54790131105966,685.0520986889403,1.0,0.0,1.0,1.0,0.9955022222222223,0.005024007658159514,0.9923883100145674,0.9986161344298772,1.0,0.0,1.0,1.0,1.0,0.0,1.0,1.0,0.0032440439859508204,0.00012190095323253712,0.0031684889923633656,0.003319598979538275,308646.38187880965,11511.602410629986,301511.416784178,315781.3469734413,29.8823881149292,0.0004028250271410012,29.88213844139068,29.88263778846772,7.885391547583102e-05,0.0,7.885391547583102e-05,7.885391547583102e-05,7.930079286826986,1.1030952456813963,7.246373770145565,8.613784803508407,0.3596042984027078,0.07781250282538679,0.31137560948687193,0.40783298731854367,8.0,0.0,8.0,8.0,1.0,0.0,1.0,1.0,0.0,0.0,0.0,0.0
CICIDS2017,cicids2017_friday_holdout_sample,random_forest,a4_split_shift,jetson_orin_nx_super_ina3221_20260608t140153z,10,0.5683136392131075,0.08853099922895966,0.5134415573986594,0.6231857210275557,0.6033105199803896,0.055139778432632416,0.5691345312336566,0.6374865087271226,0.5858120795967486,0.07182740033556287,0.5412929956368009,0.6303311635566964,0.0,0.0,0.0,0.0,1.0,0.0,1.0,1.0,90000.0,0.0,90000.0,90000.0,0.0,0.0,0.0,0.0,1.0,0.0,1.0,1.0,1.0,0.0,1.0,1.0,1.0,0.0,1.0,1.0,1.0,0.0,1.0,1.0,0.0032440439859508204,0.00012190095323253712,0.0031684889923633656,0.003319598979538275,308646.38187880965,11511.602410629986,301511.416784178,315781.3469734413,29.8823881149292,0.0004028250271410012,29.88213844139068,29.88263778846772,7.885391547583102e-05,0.0,7.885391547583102e-05,7.885391547583102e-05,7.930079286826986,1.1030952456813963,7.246373770145565,8.613784803508407,0.42414210300962446,0.09388615210496855,0.36595086305508484,0.4823333429641641,8.0,0.0,8.0,8.0,1.0,0.0,1.0,1.0,0.0,0.0,0.0,0.0
CSE-CIC-IDS2018,cse_cic_ids2018_friday_holdout_sample,extra_trees,a0_clean,jetson_orin_nx_super_ina3221_20260608t140153z,10,0.5979547537242667,0.13145671262694059,0.5164770391028743,0.679432468345659,0.6023469214140469,0.11840954401369255,0.5289559256801429,0.6757379171479508,0.6001508375691567,0.12479695144333719,0.5228008856943056,0.6775007894440077,0.0,0.0,0.0,0.0,1.0,0.0,1.0,1.0,5000.0,0.0,5000.0,5000.0,0.0,0.0,0.0,0.0,1.0,0.0,1.0,1.0,1.0,0.0,1.0,1.0,1.0,0.0,1.0,1.0,1.0,0.0,1.0,1.0,0.01232195995631622,0.0002493303628661514,0.01216742339636353,0.012476496516268908,81185.56842628974,1628.289054395399,80176.34441449153,82194.79243808796,1.672512149810791,0.0008234892220523479,1.6720017459030152,1.673022553718567,7.885391547583102e-05,0.0,7.885391547583102e-05,7.885391547583102e-05,7.092919258571068,2.319213310907577,5.655455955890426,8.53038256125171,0.4575692900711769,0.1711132062950734,0.3515122260243449,0.5636263541180089,8.0,0.0,8.0,8.0,1.0,0.0,1.0,1.0,0.0,0.0,0.0,0.0
CSE-CIC-IDS2018,cse_cic_ids2018_friday_holdout_sample,extra_trees,a1_constrained_feature,jetson_orin_nx_super_ina3221_20260608t140153z,10,0.5979547537242667,0.13145671262694059,0.5164770391028743,0.679432468345659,0.6023469214140469,0.11840954401369255,0.5289559256801429,0.6757379171479508,0.583469976175326,0.12752032101637015,0.5044320623512828,0.6625078899993693,0.7288535515175287,0.22697645298627503,0.5881720884516286,0.8695350145834289,0.9980399999999999,0.0006719788356455571,0.9976235032026266,0.9984564967973732,4990.2,3.359894178227774,4988.117516013133,4992.282483986866,9.8,3.359894178227774,7.717516013133462,11.88248398686654,1.0,0.0,1.0,1.0,0.9980399999999999,0.0006719788356455571,0.9976235032026266,0.9984564967973732,1.0,0.0,1.0,1.0,1.0,0.0,1.0,1.0,0.01232195995631622,0.0002493303628661514,0.01216742339636353,0.012476496516268908,81185.56842628974,1628.289054395399,80176.34441449153,82194.79243808796,1.672512149810791,0.0008234892220523479,1.6720017459030152,1.673022553718567,7.885391547583102e-05,0.0,7.885391547583102e-05,7.885391547583102e-05,7.092919258571068,2.319213310907577,5.655455955890426,8.53038256125171,0.44672673016518694,0.16917996664126111,0.34186790046987936,0.5515855598604945,8.0,0.0,8.0,8.0,1.0,0.0,1.0,1.0,0.0,0.0,0.0,0.0
CSE-CIC-IDS2018,cse_cic_ids2018_friday_holdout_sample,extra_trees,a1_constrained_score_search,jetson_orin_nx_super_ina3221_20260608t140153z,10,0.5979547537242667,0.13145671262694059,0.5164770391028743,0.679432468345659,0.6023469214140469,0.11840954401369255,0.5289559256801429,0.6757379171479508,0.5200624924751363,0.10711284439523178,0.45367326370530214,0.5864517212449704,0.8420360031095765,0.18335041585908193,0.7283942379950401,0.9556777682241129,0.9980399999999999,0.0006719788356455571,0.9976235032026266,0.9984564967973732,4990.2,3.359894178227774,4988.117516013133,4992.282483986866,9.8,3.359894178227774,7.717516013133462,11.88248398686654,1.0,0.0,1.0,1.0,0.9980399999999999,0.0006719788356455571,0.9976235032026266,0.9984564967973732,1.0,0.0,1.0,1.0,1.0,0.0,1.0,1.0,0.01232195995631622,0.0002493303628661514,0.01216742339636353,0.012476496516268908,81185.56842628974,1628.289054395399,80176.34441449153,82194.79243808796,1.672512149810791,0.0008234892220523479,1.6720017459030152,1.673022553718567,7.885391547583102e-05,0.0,7.885391547583102e-05,7.885391547583102e-05,7.092919258571068,2.319213310907577,5.655455955890426,8.53038256125171,0.40551186576006365,0.15788286123125475,0.30765505454103165,0.5033686769790956,8.0,0.0,8.0,8.0,1.0,0.0,1.0,1.0,0.0,0.0,0.0,0.0
CSE-CIC-IDS2018,cse_cic_ids2018_friday_holdout_sample,extra_trees,a4_split_shift,jetson_orin_nx_super_ina3221_20260608t140153z,10,0.5979547537242667,0.13145671262694059,0.5164770391028743,0.679432468345659,0.6023469214140469,0.11840954401369255,0.5289559256801429,0.6757379171479508,0.6001508375691567,0.12479695144333719,0.5228008856943056,0.6775007894440077,0.0,0.0,0.0,0.0,1.0,0.0,1.0,1.0,5000.0,0.0,5000.0,5000.0,0.0,0.0,0.0,0.0,1.0,0.0,1.0,1.0,1.0,0.0,1.0,1.0,1.0,0.0,1.0,1.0,1.0,0.0,1.0,1.0,0.01232195995631622,0.0002493303628661514,0.01216742339636353,0.012476496516268908,81185.56842628974,1628.289054395399,80176.34441449153,82194.79243808796,1.672512149810791,0.0008234892220523479,1.6720017459030152,1.673022553718567,7.885391547583102e-05,0.0,7.885391547583102e-05,7.885391547583102e-05,7.092919258571068,2.319213310907577,5.655455955890426,8.53038256125171,0.4575692900711769,0.1711132062950734,0.3515122260243449,0.5636263541180089,8.0,0.0,8.0,8.0,1.0,0.0,1.0,1.0,0.0,0.0,0.0,0.0
CSE-CIC-IDS2018,cse_cic_ids2018_friday_holdout_sample,hist_gradient_boosting,a0_clean,jetson_orin_nx_super_ina3221_20260608t140153z,10,0.43784396289290883,0.05217846379219022,0.4055034159760871,0.4701845098097306,0.5009490859245,0.030634701234316754,0.4819615013820144,0.5199366704669857,0.4693965244087045,0.04137509921234338,0.4437519722311215,0.4950410765862875,0.0,0.0,0.0,0.0,1.0,0.0,1.0,1.0,5000.0,0.0,5000.0,5000.0,0.0,0.0,0.0,0.0,1.0,0.0,1.0,1.0,1.0,0.0,1.0,1.0,1.0,0.0,1.0,1.0,1.0,0.0,1.0,1.0,0.00235028613108438,0.00194373892690286,0.0011455442626784437,0.003555027999490316,532748.1754477496,146172.95908833228,442149.2367707846,623347.1141247145,0.11544113159179684,7.231845084813971e-05,0.11539630815157596,0.11548595503201771,7.885391547583102e-05,0.0,7.885391547583102e-05,7.885391547583102e-05,9.780983420537083,0.6181623830974893,9.397842406029659,10.164124435044508,0.2732123989992786,0.053726615518873075,0.23991229770096817,0.3065125002975891,8.0,0.0,8.0,8.0,1.0,0.0,1.0,1.0,0.0,0.0,0.0,0.0
CSE-CIC-IDS2018,cse_cic_ids2018_friday_holdout_sample,hist_gradient_boosting,a1_constrained_feature,jetson_orin_nx_super_ina3221_20260608t140153z,10,0.43784396289290883,0.05217846379219022,0.4055034159760871,0.4701845098097306,0.5009490859245,0.030634701234316754,0.4819615013820144,0.5199366704669857,0.46769800014898755,0.036857492121842805,0.4448534898554274,0.4905425104425477,0.9784660555762434,0.05478248130270227,0.9445115218849864,1.0124205892675004,0.9980399999999999,0.0006719788356455571,0.9976235032026266,0.9984564967973732,4990.2,3.359894178227774,4988.117516013133,4992.282483986866,9.8,3.359894178227774,7.717516013133462,11.88248398686654,1.0,0.0,1.0,1.0,0.9980399999999999,0.0006719788356455571,0.9976235032026266,0.9984564967973732,1.0,0.0,1.0,1.0,1.0,0.0,1.0,1.0,0.00235028613108438,0.00194373892690286,0.0011455442626784437,0.003555027999490316,532748.1754477496,146172.95908833228,442149.2367707846,623347.1141247145,0.11544113159179684,7.231845084813971e-05,0.11539630815157596,0.11548595503201771,7.885391547583102e-05,0.0,7.885391547583102e-05,7.885391547583102e-05,9.780983420537083,0.6181623830974893,9.397842406029659,10.164124435044508,0.27210835823046253,0.050789191049926734,0.24062889148036193,0.30358782498056314,8.0,0.0,8.0,8.0,1.0,0.0,1.0,1.0,0.0,0.0,0.0,0.0
CSE-CIC-IDS2018,cse_cic_ids2018_friday_holdout_sample,hist_gradient_boosting,a1_constrained_score_search,jetson_orin_nx_super_ina3221_20260608t140153z,10,0.43784396289290883,0.05217846379219022,0.4055034159760871,0.4701845098097306,0.5009490859245,0.030634701234316754,0.4819615013820144,0.5199366704669857,0.46122937118977464,0.024562680697646957,0.4460052639667471,0.47645347841280217,0.9879571182715635,0.035734211339509374,0.965808824619921,1.010105411923206,0.9980399999999999,0.0006719788356455571,0.9976235032026266,0.9984564967973732,4990.2,3.359894178227774,4988.117516013133,4992.282483986866,9.8,3.359894178227774,7.717516013133462,11.88248398686654,1.0,0.0,1.0,1.0,0.9980399999999999,0.0006719788356455571,0.9976235032026266,0.9984564967973732,1.0,0.0,1.0,1.0,1.0,0.0,1.0,1.0,0.00235028613108438,0.00194373892690286,0.0011455442626784437,0.003555027999490316,532748.1754477496,146172.95908833228,442149.2367707846,623347.1141247145,0.11544113159179684,7.231845084813971e-05,0.11539630815157596,0.11548595503201771,7.885391547583102e-05,0.0,7.885391547583102e-05,7.885391547583102e-05,9.780983420537083,0.6181623830974893,9.397842406029659,10.164124435044508,0.2679037494069742,0.04270488964362404,0.2414349845809765,0.2943725142329719,8.0,0.0,8.0,8.0,1.0,0.0,1.0,1.0,0.0,0.0,0.0,0.0
CSE-CIC-IDS2018,cse_cic_ids2018_friday_holdout_sample,hist_gradient_boosting,a4_split_shift,jetson_orin_nx_super_ina3221_20260608t140153z,10,0.43784396289290883,0.05217846379219022,0.4055034159760871,0.4701845098097306,0.5009490859245,0.030634701234316754,0.4819615013820144,0.5199366704669857,0.4693965244087045,0.04137509921234338,0.4437519722311215,0.4950410765862875,0.0,0.0,0.0,0.0,1.0,0.0,1.0,1.0,5000.0,0.0,5000.0,5000.0,0.0,0.0,0.0,0.0,1.0,0.0,1.0,1.0,1.0,0.0,1.0,1.0,1.0,0.0,1.0,1.0,1.0,0.0,1.0,1.0,0.00235028613108438,0.00194373892690286,0.0011455442626784437,0.003555027999490316,532748.1754477496,146172.95908833228,442149.2367707846,623347.1141247145,0.11544113159179684,7.231845084813971e-05,0.11539630815157596,0.11548595503201771,7.885391547583102e-05,0.0,7.885391547583102e-05,7.885391547583102e-05,9.780983420537083,0.6181623830974893,9.397842406029659,10.164124435044508,0.2732123989992786,0.053726615518873075,0.23991229770096817,0.3065125002975891,8.0,0.0,8.0,8.0,1.0,0.0,1.0,1.0,0.0,0.0,0.0,0.0
CSE-CIC-IDS2018,cse_cic_ids2018_friday_holdout_sample,logistic_regression,a0_clean,jetson_orin_nx_super_ina3221_20260608t140153z,10,0.6469809911712673,0.008905073961380953,0.6414615691470238,0.6525004131955108,0.6493624824124445,0.00797433791928536,0.6444199365637138,0.6543050282611753,0.6481717367918559,0.008406526693154679,0.642961317565827,0.6533821560178849,0.0,0.0,0.0,0.0,1.0,0.0,1.0,1.0,5000.0,0.0,5000.0,5000.0,0.0,0.0,0.0,0.0,1.0,0.0,1.0,1.0,1.0,0.0,1.0,1.0,1.0,0.0,1.0,1.0,1.0,0.0,1.0,1.0,0.0020650475724832496,0.0014878950562267764,0.0011428406622749914,0.002987254482691508,806634.4350022778,538206.0181129993,473050.8889434824,1140217.9810610733,0.1159164428710937,8.685454999241819e-05,0.1158626098632812,0.11597027587890621,7.885391547583102e-05,0.0,7.885391547583102e-05,7.885391547583102e-05,5.18901660124251,0.10104299902501614,5.126389501609998,5.251643700875022,0.5438275000274448,0.009899783394797341,0.5376915507089496,0.5499634493459401,8.0,0.0,8.0,8.0,1.0,0.0,1.0,1.0,0.0,0.0,0.0,0.0
CSE-CIC-IDS2018,cse_cic_ids2018_friday_holdout_sample,logistic_regression,a1_constrained_feature,jetson_orin_nx_super_ina3221_20260608t140153z,10,0.6469809911712673,0.008905073961380953,0.6414615691470238,0.6525004131955108,0.6493624824124445,0.00797433791928536,0.6444199365637138,0.6543050282611753,0.633129439738401,0.014622583941079948,0.6240662683143614,0.6421926111624405,0.5308272197204549,0.024997615004640147,0.5153335374210688,0.546320902019841,0.9980399999999999,0.0006719788356455571,0.9976235032026266,0.9984564967973732,4990.2,3.359894178227774,4988.117516013133,4992.282483986866,9.8,3.359894178227774,7.717516013133462,11.88248398686654,1.0,0.0,1.0,1.0,0.9980399999999999,0.0006719788356455571,0.9976235032026266,0.9984564967973732,1.0,0.0,1.0,1.0,1.0,0.0,1.0,1.0,0.0020650475724832496,0.0014878950562267764,0.0011428406622749914,0.002987254482691508,806634.4350022778,538206.0181129993,473050.8889434824,1140217.9810610733,0.1159164428710937,8.685454999241819e-05,0.1158626098632812,0.11597027587890621,7.885391547583102e-05,0.0,7.885391547583102e-05,7.885391547583102e-05,5.18901660124251,0.10104299902501614,5.126389501609998,5.251643700875022,0.5340500069426992,0.013852633348314452,0.525464055840211,0.5426359580451874,8.0,0.0,8.0,8.0,1.0,0.0,1.0,1.0,0.0,0.0,0.0,0.0
CSE-CIC-IDS2018,cse_cic_ids2018_friday_holdout_sample,logistic_regression,a1_constrained_score_search,jetson_orin_nx_super_ina3221_20260608t140153z,10,0.6469809911712673,0.008905073961380953,0.6414615691470238,0.6525004131955108,0.6493624824124445,0.00797433791928536,0.6444199365637138,0.6543050282611753,0.5707021134369279,0.03827379842561453,0.5469797674016307,0.5944244594722251,0.6575543269948045,0.07524437970548377,0.6109173772796124,0.7041912767099967,0.9980399999999999,0.0006719788356455571,0.9976235032026266,0.9984564967973732,4990.2,3.359894178227774,4988.117516013133,4992.282483986866,9.8,3.359894178227774,7.717516013133462,11.88248398686654,1.0,0.0,1.0,1.0,0.9980399999999999,0.0006719788356455571,0.9976235032026266,0.9984564967973732,1.0,0.0,1.0,1.0,1.0,0.0,1.0,1.0,0.0020650475724832496,0.0014878950562267764,0.0011428406622749914,0.002987254482691508,806634.4350022778,538206.0181129993,473050.8889434824,1140217.9810610733,0.1159164428710937,8.685454999241819e-05,0.1158626098632812,0.11597027587890621,7.885391547583102e-05,0.0,7.885391547583102e-05,7.885391547583102e-05,5.18901660124251,0.10104299902501614,5.126389501609998,5.251643700875022,0.4934722448467418,0.028216553552902368,0.4759834437650734,0.5109610459284102,8.0,0.0,8.0,8.0,1.0,0.0,1.0,1.0,0.0,0.0,0.0,0.0
CSE-CIC-IDS2018,cse_cic_ids2018_friday_holdout_sample,logistic_regression,a4_split_shift,jetson_orin_nx_super_ina3221_20260608t140153z,10,0.6469809911712673,0.008905073961380953,0.6414615691470238,0.6525004131955108,0.6493624824124445,0.00797433791928536,0.6444199365637138,0.6543050282611753,0.6481717367918559,0.008406526693154679,0.642961317565827,0.6533821560178849,0.0,0.0,0.0,0.0,1.0,0.0,1.0,1.0,5000.0,0.0,5000.0,5000.0,0.0,0.0,0.0,0.0,1.0,0.0,1.0,1.0,1.0,0.0,1.0,1.0,1.0,0.0,1.0,1.0,1.0,0.0,1.0,1.0,0.0020650475724832496,0.0014878950562267764,0.0011428406622749914,0.002987254482691508,806634.4350022778,538206.0181129993,473050.8889434824,1140217.9810610733,0.1159164428710937,8.685454999241819e-05,0.1158626098632812,0.11597027587890621,7.885391547583102e-05,0.0,7.885391547583102e-05,7.885391547583102e-05,5.18901660124251,0.10104299902501614,5.126389501609998,5.251643700875022,0.5438275000274448,0.009899783394797341,0.5376915507089496,0.5499634493459401,8.0,0.0,8.0,8.0,1.0,0.0,1.0,1.0,0.0,0.0,0.0,0.0
CSE-CIC-IDS2018,cse_cic_ids2018_friday_holdout_sample,mlp_sklearn,a0_clean,jetson_orin_nx_super_ina3221_20260608t140153z,10,0.7787540805046843,0.06243413258905373,0.7400570042118867,0.8174511567974819,0.7612272524828629,0.08009027168491574,0.711586787801442,0.8108677171642839,0.7699906664937736,0.07114563600578018,0.7258941444433018,0.8140871885442453,0.0,0.0,0.0,0.0,1.0,0.0,1.0,1.0,5000.0,0.0,5000.0,5000.0,0.0,0.0,0.0,0.0,1.0,0.0,1.0,1.0,1.0,0.0,1.0,1.0,1.0,0.0,1.0,1.0,1.0,0.0,1.0,1.0,0.00112873440509424,1.7033099088556985e-05,0.001118177180902929,0.001139291629285551,886126.0841890723,13113.532884494252,877998.2323001145,894253.93607803,2.505798816680908,7.36400852750802e-05,2.505753174083183,2.5058444592786335,7.885391547583102e-05,0.0,7.885391547583102e-05,7.885391547583102e-05,4.263213752927353,1.7056810185236226,3.206021704798255,5.320405801056451,0.6839530813189612,0.10510338243393658,0.6188093299762828,0.7490968326616395,8.0,0.0,8.0,8.0,1.0,0.0,1.0,1.0,0.0,0.0,0.0,0.0
CSE-CIC-IDS2018,cse_cic_ids2018_friday_holdout_sample,mlp_sklearn,a1_constrained_feature,jetson_orin_nx_super_ina3221_20260608t140153z,10,0.7787540805046843,0.06243413258905373,0.7400570042118867,0.8174511567974819,0.7612272524828629,0.08009027168491574,0.711586787801442,0.8108677171642839,0.7690838235877459,0.06954724103504828,0.7259779970040561,0.8121896501714356,0.4228922333396918,0.16880880736453205,0.31826345054746047,0.527521016131923,0.9980399999999999,0.0006719788356455571,0.9976235032026266,0.9984564967973732,4990.2,3.359894178227774,4988.117516013133,4992.282483986866,9.8,3.359894178227774,7.717516013133462,11.88248398686654,1.0,0.0,1.0,1.0,0.9980399999999999,0.0006719788356455571,0.9976235032026266,0.9984564967973732,1.0,0.0,1.0,1.0,1.0,0.0,1.0,1.0,0.00112873440509424,1.7033099088556985e-05,0.001118177180902929,0.001139291629285551,886126.0841890723,13113.532884494252,877998.2323001145,894253.93607803,2.505798816680908,7.36400852750802e-05,2.505753174083183,2.5058444592786335,7.885391547583102e-05,0.0,7.885391547583102e-05,7.885391547583102e-05,4.263213752927353,1.7056810185236226,3.206021704798255,5.320405801056451,0.6833636334300431,0.10409296001363955,0.6188461483917843,0.747881118468302,8.0,0.0,8.0,8.0,1.0,0.0,1.0,1.0,0.0,0.0,0.0,0.0
CSE-CIC-IDS2018,cse_cic_ids2018_friday_holdout_sample,mlp_sklearn,a1_constrained_score_search,jetson_orin_nx_super_ina3221_20260608t140153z,10,0.7787540805046843,0.06243413258905373,0.7400570042118867,0.8174511567974819,0.7612272524828629,0.08009027168491574,0.711586787801442,0.8108677171642839,0.7598737811125553,0.06013664678824926,0.7226007012721556,0.7971468609529551,0.442701589223838,0.1521266815515574,0.34841249513297434,0.5369906833147017,0.9980399999999999,0.0006719788356455571,0.9976235032026266,0.9984564967973732,4990.2,3.359894178227774,4988.117516013133,4992.282483986866,9.8,3.359894178227774,7.717516013133462,11.88248398686654,1.0,0.0,1.0,1.0,0.9980399999999999,0.0006719788356455571,0.9976235032026266,0.9984564967973732,1.0,0.0,1.0,1.0,1.0,0.0,1.0,1.0,0.00112873440509424,1.7033099088556985e-05,0.001118177180902929,0.001139291629285551,886126.0841890723,13113.532884494252,877998.2323001145,894253.93607803,2.505798816680908,7.36400852750802e-05,2.505753174083183,2.5058444592786335,7.885391547583102e-05,0.0,7.885391547583102e-05,7.885391547583102e-05,4.263213752927353,1.7056810185236226,3.206021704798255,5.320405801056451,0.6773771058211695,0.09628992271819681,0.6176959934049951,0.7370582182373439,8.0,0.0,8.0,8.0,1.0,0.0,1.0,1.0,0.0,0.0,0.0,0.0
CSE-CIC-IDS2018,cse_cic_ids2018_friday_holdout_sample,mlp_sklearn,a4_split_shift,jetson_orin_nx_super_ina3221_20260608t140153z,10,0.7787540805046843,0.06243413258905373,0.7400570042118867,0.8174511567974819,0.7612272524828629,0.08009027168491574,0.711586787801442,0.8108677171642839,0.7699906664937736,0.07114563600578018,0.7258941444433018,0.8140871885442453,0.0,0.0,0.0,0.0,1.0,0.0,1.0,1.0,5000.0,0.0,5000.0,5000.0,0.0,0.0,0.0,0.0,1.0,0.0,1.0,1.0,1.0,0.0,1.0,1.0,1.0,0.0,1.0,1.0,1.0,0.0,1.0,1.0,0.00112873440509424,1.7033099088556985e-05,0.001118177180902929,0.001139291629285551,886126.0841890723,13113.532884494252,877998.2323001145,894253.93607803,2.505798816680908,7.36400852750802e-05,2.505753174083183,2.5058444592786335,7.885391547583102e-05,0.0,7.885391547583102e-05,7.885391547583102e-05,4.263213752927353,1.7056810185236226,3.206021704798255,5.320405801056451,0.6839530813189612,0.10510338243393658,0.6188093299762828,0.7490968326616395,8.0,0.0,8.0,8.0,1.0,0.0,1.0,1.0,0.0,0.0,0.0,0.0
CSE-CIC-IDS2018,cse_cic_ids2018_friday_holdout_sample,random_forest,a0_clean,jetson_orin_nx_super_ina3221_20260608t140153z,10,0.5655692949312059,0.10299828091970678,0.5017302990247313,0.6294082908376805,0.5745729668226909,0.07652896159500076,0.5271398250035709,0.6220061086418108,0.5700711308769484,0.08970925854966048,0.5144687563694638,0.625673505384433,0.0,0.0,0.0,0.0,1.0,0.0,1.0,1.0,5000.0,0.0,5000.0,5000.0,0.0,0.0,0.0,0.0,1.0,0.0,1.0,1.0,1.0,0.0,1.0,1.0,1.0,0.0,1.0,1.0,1.0,0.0,1.0,1.0,0.008897965593088818,0.00017381190206647122,0.008790235860073489,0.009005695326104148,112423.83720974,2195.6803736766583,111062.94041480862,113784.73400467138,1.6728371620178222,0.00043476264309334013,1.6725676933398512,1.6731066306957931,7.885391547583102e-05,0.0,7.885391547583102e-05,7.885391547583102e-05,7.948736738355376,1.5032957059662904,7.0169844065449425,8.88048907016581,0.41038033709306115,0.11975568043858682,0.33615499735893667,0.48460567682718564,8.0,0.0,8.0,8.0,1.0,0.0,1.0,1.0,0.0,0.0,0.0,0.0
CSE-CIC-IDS2018,cse_cic_ids2018_friday_holdout_sample,random_forest,a1_constrained_feature,jetson_orin_nx_super_ina3221_20260608t140153z,10,0.5655692949312059,0.10299828091970678,0.5017302990247313,0.6294082908376805,0.5745729668226909,0.07652896159500076,0.5271398250035709,0.6220061086418108,0.5149293922843178,0.08319811534873231,0.4633626661433778,0.5664961184252577,0.8792278929983199,0.13257175531473292,0.7970590677589066,0.9613967182377333,0.9980399999999999,0.0006719788356455571,0.9976235032026266,0.9984564967973732,4990.2,3.359894178227774,4988.117516013133,4992.282483986866,9.8,3.359894178227774,7.717516013133462,11.88248398686654,1.0,0.0,1.0,1.0,0.9980399999999999,0.0006719788356455571,0.9976235032026266,0.9984564967973732,1.0,0.0,1.0,1.0,1.0,0.0,1.0,1.0,0.008897965593088818,0.00017381190206647122,0.008790235860073489,0.009005695326104148,112423.83720974,2195.6803736766583,111062.94041480862,113784.73400467138,1.6728371620178222,0.00043476264309334013,1.6725676933398512,1.6731066306957931,7.885391547583102e-05,0.0,7.885391547583102e-05,7.885391547583102e-05,7.948736738355376,1.5032957059662904,7.0169844065449425,8.88048907016581,0.37453820700785123,0.11235364329761756,0.304900697425089,0.44417571659061345,8.0,0.0,8.0,8.0,1.0,0.0,1.0,1.0,0.0,0.0,0.0,0.0
CSE-CIC-IDS2018,cse_cic_ids2018_friday_holdout_sample,random_forest,a1_constrained_score_search,jetson_orin_nx_super_ina3221_20260608t140153z,10,0.5655692949312059,0.10299828091970678,0.5017302990247313,0.6294082908376805,0.5745729668226909,0.07652896159500076,0.5271398250035709,0.6220061086418108,0.4614209712340379,0.03952949811789292,0.43692033446612527,0.48592160800195056,0.9646776498030064,0.05678876305245288,0.9294796098001304,0.9998756898058824,0.9980399999999999,0.0006719788356455571,0.9976235032026266,0.9984564967973732,4990.2,3.359894178227774,4988.117516013133,4992.282483986866,9.8,3.359894178227774,7.717516013133462,11.88248398686654,1.0,0.0,1.0,1.0,0.9980399999999999,0.0006719788356455571,0.9976235032026266,0.9984564967973732,1.0,0.0,1.0,1.0,1.0,0.0,1.0,1.0,0.008897965593088818,0.00017381190206647122,0.008790235860073489,0.009005695326104148,112423.83720974,2195.6803736766583,111062.94041480862,113784.73400467138,1.6728371620178222,0.00043476264309334013,1.6725676933398512,1.6731066306957931,7.885391547583102e-05,0.0,7.885391547583102e-05,7.885391547583102e-05,7.948736738355376,1.5032957059662904,7.0169844065449425,8.88048907016581,0.3397577333251694,0.08402984720277844,0.2876754944402145,0.3918399722101243,8.0,0.0,8.0,8.0,1.0,0.0,1.0,1.0,0.0,0.0,0.0,0.0
CSE-CIC-IDS2018,cse_cic_ids2018_friday_holdout_sample,random_forest,a4_split_shift,jetson_orin_nx_super_ina3221_20260608t140153z,10,0.5655692949312059,0.10299828091970678,0.5017302990247313,0.6294082908376805,0.5745729668226909,0.07652896159500076,0.5271398250035709,0.6220061086418108,0.5700711308769484,0.08970925854966048,0.5144687563694638,0.625673505384433,0.0,0.0,0.0,0.0,1.0,0.0,1.0,1.0,5000.0,0.0,5000.0,5000.0,0.0,0.0,0.0,0.0,1.0,0.0,1.0,1.0,1.0,0.0,1.0,1.0,1.0,0.0,1.0,1.0,1.0,0.0,1.0,1.0,0.008897965593088818,0.00017381190206647122,0.008790235860073489,0.009005695326104148,112423.83720974,2195.6803736766583,111062.94041480862,113784.73400467138,1.6728371620178222,0.00043476264309334013,1.6725676933398512,1.6731066306957931,7.885391547583102e-05,0.0,7.885391547583102e-05,7.885391547583102e-05,7.948736738355376,1.5032957059662904,7.0169844065449425,8.88048907016581,0.41038033709306115,0.11975568043858682,0.33615499735893667,0.48460567682718564,8.0,0.0,8.0,8.0,1.0,0.0,1.0,1.0,0.0,0.0,0.0,0.0
TON_IoT,ton_iot_attack_family_holdout_full,extra_trees,a0_clean,jetson_orin_nx_super_ina3221_20260608t140153z,10,0.9642623381101643,0.0004217944078832292,0.9640009072276505,0.964523768992678,0.9693392973118534,0.0004381925757005079,0.9690677027396275,0.9696108918840793,0.9668008177110089,0.0004287294418423831,0.9665350884499148,0.967066546972103,0.0,0.0,0.0,0.0,1.0,0.0,1.0,1.0,36043.0,0.0,36043.0,36043.0,0.0,0.0,0.0,0.0,1.0,0.0,1.0,1.0,1.0,0.0,1.0,1.0,1.0,0.0,1.0,1.0,1.0,0.0,1.0,1.0,0.0028616797207283696,4.390136403293215e-05,0.0028344693733928466,0.0028888900680638925,349519.2022791912,5366.062720660191,346193.28214732837,352845.122411054,7.850922393798828,9.360788297345062e-05,7.850864375031868,7.850980412565788,7.885391547583102e-05,0.0,7.885391547583102e-05,7.885391547583102e-05,0.5742140537629299,0.004822013894920335,0.571225338586812,0.5772027689390478,0.9540738869217995,0.000502546890658294,0.9537624051319185,0.9543853687116806,8.0,0.0,8.0,8.0,1.0,0.0,1.0,1.0,0.0,0.0,0.0,0.0
TON_IoT,ton_iot_attack_family_holdout_full,extra_trees,a1_constrained_feature,jetson_orin_nx_super_ina3221_20260608t140153z,10,0.9642623381101643,0.0004217944078832292,0.9640009072276505,0.964523768992678,0.9693392973118534,0.0004381925757005079,0.9690677027396275,0.9696108918840793,0.9397813773866458,0.01215235225589835,0.9322492714234103,0.9473134833498813,0.10679657794676803,0.022253397845764623,0.09300377906414992,0.12058937682938614,0.9998973448381101,2.9391280011955693e-05,0.9998791279340258,0.9999155617421944,36039.3,1.0593499054713802,36038.64340812609,36039.95659187392,3.7,1.0593499054713802,3.043408126086769,4.356591873913231,0.9999167660849541,1.1702778228589004e-16,0.999916766084954,0.9999167660849542,0.999980578753156,2.9391280011989463e-05,0.9999623618490716,0.9999987956572405,1.0,0.0,1.0,1.0,1.0,0.0,1.0,1.0,0.0028616797207283696,4.390136403293215e-05,0.0028344693733928466,0.0028888900680638925,349519.2022791912,5366.062720660191,346193.28214732837,352845.122411054,7.850922393798828,9.360788297345062e-05,7.850864375031868,7.850980412565788,7.885391547583102e-05,0.0,7.885391547583102e-05,7.885391547583102e-05,0.5742140537629299,0.004822013894920335,0.571225338586812,0.5772027689390478,0.9365112507109636,0.00797149655608746,0.9315704659573885,0.9414520354645388,8.0,0.0,8.0,8.0,1.0,0.0,1.0,1.0,0.0,0.0,0.0,0.0
TON_IoT,ton_iot_attack_family_holdout_full,extra_trees,a1_constrained_score_search,jetson_orin_nx_super_ina3221_20260608t140153z,10,0.9642623381101643,0.0004217944078832292,0.9640009072276505,0.964523768992678,0.9693392973118534,0.0004381925757005079,0.9690677027396275,0.9696108918840793,0.8612030536417097,0.02547293596815498,0.8454147643569144,0.8769913429265049,0.2523384030418251,0.046959103871943304,0.22323284891913364,0.28144395716451653,0.9998973448381101,2.9391280011955693e-05,0.9998791279340258,0.9999155617421944,36039.3,1.0593499054713802,36038.64340812609,36039.95659187392,3.7,1.0593499054713802,3.043408126086769,4.356591873913231,0.9999167660849541,1.1702778228589004e-16,0.999916766084954,0.9999167660849542,0.999980578753156,2.9391280011989463e-05,0.9999623618490716,0.9999987956572405,1.0,0.0,1.0,1.0,1.0,0.0,1.0,1.0,0.0028616797207283696,4.390136403293215e-05,0.0028344693733928466,0.0028888900680638925,349519.2022791912,5366.062720660191,346193.28214732837,352845.122411054,7.850922393798828,9.360788297345062e-05,7.850864375031868,7.850980412565788,7.885391547583102e-05,0.0,7.885391547583102e-05,7.885391547583102e-05,0.5742140537629299,0.004822013894920335,0.571225338586812,0.5772027689390478,0.8854353402767551,0.01665690849072726,0.8751112814336467,0.8957593991198635,8.0,0.0,8.0,8.0,1.0,0.0,1.0,1.0,0.0,0.0,0.0,0.0
TON_IoT,ton_iot_attack_family_holdout_full,extra_trees,a4_split_shift,jetson_orin_nx_super_ina3221_20260608t140153z,10,0.9642623381101643,0.0004217944078832292,0.9640009072276505,0.964523768992678,0.9693392973118534,0.0004381925757005079,0.9690677027396275,0.9696108918840793,0.9668008177110089,0.0004287294418423831,0.9665350884499148,0.967066546972103,0.0,0.0,0.0,0.0,1.0,0.0,1.0,1.0,36043.0,0.0,36043.0,36043.0,0.0,0.0,0.0,0.0,1.0,0.0,1.0,1.0,1.0,0.0,1.0,1.0,1.0,0.0,1.0,1.0,1.0,0.0,1.0,1.0,0.0028616797207283696,4.390136403293215e-05,0.0028344693733928466,0.0028888900680638925,349519.2022791912,5366.062720660191,346193.28214732837,352845.122411054,7.850922393798828,9.360788297345062e-05,7.850864375031868,7.850980412565788,7.885391547583102e-05,0.0,7.885391547583102e-05,7.885391547583102e-05,0.5742140537629299,0.004822013894920335,0.571225338586812,0.5772027689390478,0.9540738869217995,0.000502546890658294,0.9537624051319185,0.9543853687116806,8.0,0.0,8.0,8.0,1.0,0.0,1.0,1.0,0.0,0.0,0.0,0.0
TON_IoT,ton_iot_attack_family_holdout_full,hist_gradient_boosting,a0_clean,jetson_orin_nx_super_ina3221_20260608t140153z,10,0.9648291646849705,0.01057510827526732,0.9582746446690336,0.9713836847009074,0.9699659299212724,0.008917928375817586,0.9644385406484178,0.975493319194127,0.9673975473031213,0.009746400252698515,0.9613566658410324,0.9734384287652103,0.0,0.0,0.0,0.0,1.0,0.0,1.0,1.0,36043.0,0.0,36043.0,36043.0,0.0,0.0,0.0,0.0,1.0,0.0,1.0,1.0,1.0,0.0,1.0,1.0,1.0,0.0,1.0,1.0,1.0,0.0,1.0,1.0,0.0010852174959799302,0.00011858585323948269,0.0010117172226557307,0.0011587177693041296,929612.5656113122,83064.1002892173,878128.9028648229,981096.2283578014,0.8259212493896484,2.1713637498104412e-05,0.8259077911376953,0.8259347076416015,7.885391547583102e-05,0.0,7.885391547583102e-05,7.885391547583102e-05,0.5726614015745538,0.18162655321837545,0.46008809759432684,0.6852347055547808,0.9553194602351347,0.013377878185552305,0.947027765431116,0.9636111550391534,8.0,0.0,8.0,8.0,1.0,0.0,1.0,1.0,0.0,0.0,0.0,0.0
TON_IoT,ton_iot_attack_family_holdout_full,hist_gradient_boosting,a1_constrained_feature,jetson_orin_nx_super_ina3221_20260608t140153z,10,0.9648291646849705,0.01057510827526732,0.9582746446690336,0.9713836847009074,0.9699659299212724,0.008917928375817586,0.9644385406484178,0.975493319194127,0.8524780354218804,0.02244178583603513,0.8385684724531793,0.8663875983905814,0.2695009505703422,0.041610709593236636,0.24371036556573472,0.29529153557494964,0.9998973448381101,2.9391280011955693e-05,0.9998791279340258,0.9999155617421944,36039.3,1.0593499054713802,36038.64340812609,36039.95659187392,3.7,1.0593499054713802,3.043408126086769,4.356591873913231,0.9999167660849541,1.1702778228589004e-16,0.999916766084954,0.9999167660849542,0.999980578753156,2.9391280011989463e-05,0.9999623618490716,0.9999987956572405,1.0,0.0,1.0,1.0,1.0,0.0,1.0,1.0,0.0010852174959799302,0.00011858585323948269,0.0010117172226557307,0.0011587177693041296,929612.5656113122,83064.1002892173,878128.9028648229,981096.2283578014,0.8259212493896484,2.1713637498104412e-05,0.8259077911376953,0.8259347076416015,7.885391547583102e-05,0.0,7.885391547583102e-05,7.885391547583102e-05,0.5726614015745538,0.18162655321837545,0.46008809759432684,0.6852347055547808,0.8806217775123282,0.01583053335858552,0.8708099112826008,0.8904336437420556,8.0,0.0,8.0,8.0,1.0,0.0,1.0,1.0,0.0,0.0,0.0,0.0
TON_IoT,ton_iot_attack_family_holdout_full,hist_gradient_boosting,a1_constrained_score_search,jetson_orin_nx_super_ina3221_20260608t140153z,10,0.9648291646849705,0.01057510827526732,0.9582746446690336,0.9713836847009074,0.9699659299212724,0.008917928375817586,0.9644385406484178,0.975493319194127,0.6648502238854765,0.05480799341727705,0.6308798776217828,0.6988205701491703,0.602495247148289,0.09037876106275074,0.5464779106840522,0.6585125836125257,0.9998973448381101,2.9391280011955693e-05,0.9998791279340258,0.9999155617421944,36039.3,1.0593499054713802,36038.64340812609,36039.95659187392,3.7,1.0593499054713802,3.043408126086769,4.356591873913231,0.9999167660849541,1.1702778228589004e-16,0.999916766084954,0.9999167660849542,0.999980578753156,2.9391280011989463e-05,0.9999623618490716,0.9999987956572405,1.0,0.0,1.0,1.0,1.0,0.0,1.0,1.0,0.0010852174959799302,0.00011858585323948269,0.0010117172226557307,0.0011587177693041296,929612.5656113122,83064.1002892173,878128.9028648229,981096.2283578014,0.8259212493896484,2.1713637498104412e-05,0.8259077911376953,0.8259347076416015,7.885391547583102e-05,0.0,7.885391547583102e-05,7.885391547583102e-05,0.5726614015745538,0.18162655321837545,0.46008809759432684,0.6852347055547808,0.7586637000136656,0.031884821676330916,0.7389012827937049,0.7784261172336262,8.0,0.0,8.0,8.0,1.0,0.0,1.0,1.0,0.0,0.0,0.0,0.0
TON_IoT,ton_iot_attack_family_holdout_full,hist_gradient_boosting,a4_split_shift,jetson_orin_nx_super_ina3221_20260608t140153z,10,0.9648291646849705,0.01057510827526732,0.9582746446690336,0.9713836847009074,0.9699659299212724,0.008917928375817586,0.9644385406484178,0.975493319194127,0.9673975473031213,0.009746400252698515,0.9613566658410324,0.9734384287652103,0.0,0.0,0.0,0.0,1.0,0.0,1.0,1.0,36043.0,0.0,36043.0,36043.0,0.0,0.0,0.0,0.0,1.0,0.0,1.0,1.0,1.0,0.0,1.0,1.0,1.0,0.0,1.0,1.0,1.0,0.0,1.0,1.0,0.0010852174959799302,0.00011858585323948269,0.0010117172226557307,0.0011587177693041296,929612.5656113122,83064.1002892173,878128.9028648229,981096.2283578014,0.8259212493896484,2.1713637498104412e-05,0.8259077911376953,0.8259347076416015,7.885391547583102e-05,0.0,7.885391547583102e-05,7.885391547583102e-05,0.5726614015745538,0.18162655321837545,0.46008809759432684,0.6852347055547808,0.9553194602351347,0.013377878185552305,0.947027765431116,0.9636111550391534,8.0,0.0,8.0,8.0,1.0,0.0,1.0,1.0,0.0,0.0,0.0,0.0
TON_IoT,ton_iot_attack_family_holdout_full,logistic_regression,a0_clean,jetson_orin_nx_super_ina3221_20260608t140153z,10,0.8652141901123678,0.00045117564680816335,0.8649345485493,0.8654938316754356,0.881660319979724,0.0005085497045348088,0.8813451176072559,0.8819755223521922,0.873437255046046,0.00047738228581743454,0.8731413704398371,0.8737331396522549,0.0,0.0,0.0,0.0,1.0,0.0,1.0,1.0,36043.0,0.0,36043.0,36043.0,0.0,0.0,0.0,0.0,1.0,0.0,1.0,1.0,1.0,0.0,1.0,1.0,1.0,0.0,1.0,1.0,1.0,0.0,1.0,1.0,0.00013804370553481,4.558694733457895e-06,0.00013521819726584235,0.00014086921380377767,7250792.508298153,225853.1149897691,7110807.297335882,7390777.719260424,0.8263982772827149,5.667425772589592e-05,0.8263631502138487,0.8264334043515811,7.885391547583102e-05,0.0,7.885391547583102e-05,7.885391547583102e-05,2.165073600405519,0.005594224963474522,2.1616062638504405,2.1685409369605977,0.8295128566232206,0.0005312841453026971,0.8291835632983777,0.8298421499480635,8.0,0.0,8.0,8.0,1.0,0.0,1.0,1.0,0.0,0.0,0.0,0.0
TON_IoT,ton_iot_attack_family_holdout_full,logistic_regression,a1_constrained_feature,jetson_orin_nx_super_ina3221_20260608t140153z,10,0.8652141901123678,0.00045117564680816335,0.8649345485493,0.8654938316754356,0.881660319979724,0.0005085497045348088,0.8813451176072559,0.8819755223521922,0.8730567673380722,0.0005512658826230784,0.8727150892041275,0.873398445472017,0.2149762357414448,0.0007306452166577037,0.21452337714440028,0.21542909433848934,0.9998973448381101,2.9391280011955693e-05,0.9998791279340258,0.9999155617421944,36039.3,1.0593499054713802,36038.64340812609,36039.95659187392,3.7,1.0593499054713802,3.043408126086769,4.356591873913231,0.9999167660849541,1.1702778228589004e-16,0.999916766084954,0.9999167660849542,0.999980578753156,2.9391280011989463e-05,0.9999623618490716,0.9999987956572405,1.0,0.0,1.0,1.0,1.0,0.0,1.0,1.0,0.00013804370553481,4.558694733457895e-06,0.00013521819726584235,0.00014086921380377767,7250792.508298153,225853.1149897691,7110807.297335882,7390777.719260424,0.8263982772827149,5.667425772589592e-05,0.8263631502138487,0.8264334043515811,7.885391547583102e-05,0.0,7.885391547583102e-05,7.885391547583102e-05,2.165073600405519,0.005594224963474522,2.1616062638504405,2.1685409369605977,0.8292655396130378,0.0005259352714275646,0.8289395615545699,0.8295915176715057,8.0,0.0,8.0,8.0,1.0,0.0,1.0,1.0,0.0,0.0,0.0,0.0
TON_IoT,ton_iot_attack_family_holdout_full,logistic_regression,a1_constrained_score_search,jetson_orin_nx_super_ina3221_20260608t140153z,10,0.8652141901123678,0.00045117564680816335,0.8649345485493,0.8654938316754356,0.881660319979724,0.0005085497045348088,0.8813451176072559,0.8819755223521922,0.8691346164396709,0.0007210345577724405,0.8686877145907174,0.8695815182886245,0.22225760456273758,0.001226782136252048,0.22149723711703834,0.22301797200843682,0.9998973448381101,2.9391280011955693e-05,0.9998791279340258,0.9999155617421944,36039.3,1.0593499054713802,36038.64340812609,36039.95659187392,3.7,1.0593499054713802,3.043408126086769,4.356591873913231,0.9999167660849541,1.1702778228589004e-16,0.999916766084954,0.9999167660849542,0.999980578753156,2.9391280011989463e-05,0.9999623618490716,0.9999987956572405,1.0,0.0,1.0,1.0,1.0,0.0,1.0,1.0,0.00013804370553481,4.558694733457895e-06,0.00013521819726584235,0.00014086921380377767,7250792.508298153,225853.1149897691,7110807.297335882,7390777.719260424,0.8263982772827149,5.667425772589592e-05,0.8263631502138487,0.8264334043515811,7.885391547583102e-05,0.0,7.885391547583102e-05,7.885391547583102e-05,2.165073600405519,0.005594224963474522,2.1616062638504405,2.1685409369605977,0.8267161415290769,0.0005694035524970661,0.8263632215508753,0.8270690615072785,8.0,0.0,8.0,8.0,1.0,0.0,1.0,1.0,0.0,0.0,0.0,0.0
TON_IoT,ton_iot_attack_family_holdout_full,logistic_regression,a4_split_shift,jetson_orin_nx_super_ina3221_20260608t140153z,10,0.8652141901123678,0.00045117564680816335,0.8649345485493,0.8654938316754356,0.881660319979724,0.0005085497045348088,0.8813451176072559,0.8819755223521922,0.873437255046046,0.00047738228581743454,0.8731413704398371,0.8737331396522549,0.0,0.0,0.0,0.0,1.0,0.0,1.0,1.0,36043.0,0.0,36043.0,36043.0,0.0,0.0,0.0,0.0,1.0,0.0,1.0,1.0,1.0,0.0,1.0,1.0,1.0,0.0,1.0,1.0,1.0,0.0,1.0,1.0,0.00013804370553481,4.558694733457895e-06,0.00013521819726584235,0.00014086921380377767,7250792.508298153,225853.1149897691,7110807.297335882,7390777.719260424,0.8263982772827149,5.667425772589592e-05,0.8263631502138487,0.8264334043515811,7.885391547583102e-05,0.0,7.885391547583102e-05,7.885391547583102e-05,2.165073600405519,0.005594224963474522,2.1616062638504405,2.1685409369605977,0.8295128566232206,0.0005312841453026971,0.8291835632983777,0.8298421499480635,8.0,0.0,8.0,8.0,1.0,0.0,1.0,1.0,0.0,0.0,0.0,0.0
TON_IoT,ton_iot_attack_family_holdout_full,mlp_sklearn,a0_clean,jetson_orin_nx_super_ina3221_20260608t140153z,10,0.9523467776363883,0.036143532988515685,0.9299447837982765,0.9747487714745001,0.9574881716802104,0.03103291110662383,0.9382537741018068,0.976722569258614,0.9549174746582993,0.03358810774271897,0.9340993497969221,0.9757355995196766,0.0,0.0,0.0,0.0,1.0,0.0,1.0,1.0,36043.0,0.0,36043.0,36043.0,0.0,0.0,0.0,0.0,1.0,0.0,1.0,1.0,1.0,0.0,1.0,1.0,1.0,0.0,1.0,1.0,1.0,0.0,1.0,1.0,0.00043889311091659,1.007898647959372e-05,0.00043264609037540455,0.0004451401314577754,2279537.041910915,52164.93163469183,2247204.882312206,2311869.2015096243,17.875565910339354,5.667425772589592e-05,17.875530783270488,17.87560103740822,7.885391547583102e-05,0.0,7.885391547583102e-05,7.885391547583102e-05,0.7094165663957926,0.6146511680068494,0.3284518255484383,1.090381307243147,0.9386429830757054,0.045879990039619255,0.9102062706357024,0.9670796955157084,8.0,0.0,8.0,8.0,1.0,0.0,1.0,1.0,0.0,0.0,0.0,0.0
TON_IoT,ton_iot_attack_family_holdout_full,mlp_sklearn,a1_constrained_feature,jetson_orin_nx_super_ina3221_20260608t140153z,10,0.9523467776363883,0.036143532988515685,0.9299447837982765,0.9747487714745001,0.9574881716802104,0.03103291110662383,0.9382537741018068,0.976722569258614,0.948796258018246,0.018078134934273356,0.9375913138991742,0.9600012021373178,0.08051330798479082,0.03289762378775788,0.06012314951256731,0.10090346645701434,0.9998973448381101,2.9391280011955693e-05,0.9998791279340258,0.9999155617421944,36039.3,1.0593499054713802,36038.64340812609,36039.95659187392,3.7,1.0593499054713802,3.043408126086769,4.356591873913231,0.9999167660849541,1.1702778228589004e-16,0.999916766084954,0.9999167660849542,0.999980578753156,2.9391280011989463e-05,0.9999623618490716,0.9999987956572405,1.0,0.0,1.0,1.0,1.0,0.0,1.0,1.0,0.00043889311091659,1.007898647959372e-05,0.00043264609037540455,0.0004451401314577754,2279537.041910915,52164.93163469183,2247204.882312206,2311869.2015096243,17.875565910339354,5.667425772589592e-05,17.875530783270488,17.87560103740822,7.885391547583102e-05,0.0,7.885391547583102e-05,7.885391547583102e-05,0.7094165663957926,0.6146511680068494,0.3284518255484383,1.090381307243147,0.9346641922596707,0.033507732839964346,0.9138958842791396,0.9554325002402018,8.0,0.0,8.0,8.0,1.0,0.0,1.0,1.0,0.0,0.0,0.0,0.0
TON_IoT,ton_iot_attack_family_holdout_full,mlp_sklearn,a1_constrained_score_search,jetson_orin_nx_super_ina3221_20260608t140153z,10,0.9523467776363883,0.036143532988515685,0.9299447837982765,0.9747487714745001,0.9574881716802104,0.03103291110662383,0.9382537741018068,0.976722569258614,0.9057670004671972,0.018855121545655114,0.8940804750570546,0.9174535258773397,0.16008555133079844,0.03455492659469373,0.13866818593664343,0.18150291672495344,0.9998973448381101,2.9391280011955693e-05,0.9998791279340258,0.9999155617421944,36039.3,1.0593499054713802,36038.64340812609,36039.95659187392,3.7,1.0593499054713802,3.043408126086769,4.356591873913231,0.9999167660849541,1.1702778228589004e-16,0.999916766084954,0.9999167660849542,0.999980578753156,2.9391280011989463e-05,0.9999623618490716,0.9999987956572405,1.0,0.0,1.0,1.0,1.0,0.0,1.0,1.0,0.00043889311091659,1.007898647959372e-05,0.00043264609037540455,0.0004451401314577754,2279537.041910915,52164.93163469183,2247204.882312206,2311869.2015096243,17.875565910339354,5.667425772589592e-05,17.875530783270488,17.87560103740822,7.885391547583102e-05,0.0,7.885391547583102e-05,7.885391547583102e-05,0.7094165663957926,0.6146511680068494,0.3284518255484383,1.090381307243147,0.9066951748514889,0.03323805868078524,0.8860940126465008,0.927296337056477,8.0,0.0,8.0,8.0,1.0,0.0,1.0,1.0,0.0,0.0,0.0,0.0
TON_IoT,ton_iot_attack_family_holdout_full,mlp_sklearn,a4_split_shift,jetson_orin_nx_super_ina3221_20260608t140153z,10,0.9523467776363883,0.036143532988515685,0.9299447837982765,0.9747487714745001,0.9574881716802104,0.03103291110662383,0.9382537741018068,0.976722569258614,0.9549174746582993,0.03358810774271897,0.9340993497969221,0.9757355995196766,0.0,0.0,0.0,0.0,1.0,0.0,1.0,1.0,36043.0,0.0,36043.0,36043.0,0.0,0.0,0.0,0.0,1.0,0.0,1.0,1.0,1.0,0.0,1.0,1.0,1.0,0.0,1.0,1.0,1.0,0.0,1.0,1.0,0.00043889311091659,1.007898647959372e-05,0.00043264609037540455,0.0004451401314577754,2279537.041910915,52164.93163469183,2247204.882312206,2311869.2015096243,17.875565910339354,5.667425772589592e-05,17.875530783270488,17.87560103740822,7.885391547583102e-05,0.0,7.885391547583102e-05,7.885391547583102e-05,0.7094165663957926,0.6146511680068494,0.3284518255484383,1.090381307243147,0.9386429830757054,0.045879990039619255,0.9102062706357024,0.9670796955157084,8.0,0.0,8.0,8.0,1.0,0.0,1.0,1.0,0.0,0.0,0.0,0.0
TON_IoT,ton_iot_attack_family_holdout_full,random_forest,a0_clean,jetson_orin_nx_super_ina3221_20260608t140153z,10,0.9862659945466168,0.0005103080846889438,0.9859497023188378,0.9865822867743957,0.9878265560994153,0.0005093368627122031,0.9875108658412541,0.9881422463575764,0.9870462753230163,0.0005083122132622526,0.9867312201491638,0.9873613304968687,0.0,0.0,0.0,0.0,1.0,0.0,1.0,1.0,36043.0,0.0,36043.0,36043.0,0.0,0.0,0.0,0.0,1.0,0.0,1.0,1.0,1.0,0.0,1.0,1.0,1.0,0.0,1.0,1.0,1.0,0.0,1.0,1.0,0.0019301405568487701,3.773412554960753e-05,0.0019067527035274735,0.0019535284101700667,518273.0047536753,10007.782941219235,512070.1166228003,524475.8928845504,7.850932025909424,5.18162070120526e-05,7.850899909891586,7.850964141927262,7.885391547583102e-05,0.0,7.885391547583102e-05,7.885391547583102e-05,0.1991888780116903,0.006266830417367839,0.19530465627722474,0.20307309974615587,0.9818217891628113,0.0006122744220734618,0.9814422975443554,0.9822012807812671,8.0,0.0,8.0,8.0,1.0,0.0,1.0,1.0,0.0,0.0,0.0,0.0
TON_IoT,ton_iot_attack_family_holdout_full,random_forest,a1_constrained_feature,jetson_orin_nx_super_ina3221_20260608t140153z,10,0.9862659945466168,0.0005103080846889438,0.9859497023188378,0.9865822867743957,0.9878265560994153,0.0005093368627122031,0.9875108658412541,0.9881422463575764,0.9189044542408491,0.012307447837846413,0.9112762190399925,0.9265326894417057,0.14491920152091248,0.02266378288542481,0.13087204335546934,0.1589663596863556,0.9998973448381101,2.9391280011955693e-05,0.9998791279340258,0.9999155617421944,36039.3,1.0593499054713802,36038.64340812609,36039.95659187392,3.7,1.0593499054713802,3.043408126086769,4.356591873913231,0.9999167660849541,1.1702778228589004e-16,0.999916766084954,0.9999167660849542,0.999980578753156,2.9391280011989463e-05,0.9999623618490716,0.9999987956572405,1.0,0.0,1.0,1.0,1.0,0.0,1.0,1.0,0.0019301405568487701,3.773412554960753e-05,0.0019067527035274735,0.0019535284101700667,518273.0047536753,10007.782941219235,512070.1166228003,524475.8928845504,7.850932025909424,5.18162070120526e-05,7.850899909891586,7.850964141927262,7.885391547583102e-05,0.0,7.885391547583102e-05,7.885391547583102e-05,0.1991888780116903,0.006266830417367839,0.19530465627722474,0.20307309974615587,0.9375296054594028,0.0080020644574159,0.9325698745242957,0.9424893363945098,8.0,0.0,8.0,8.0,1.0,0.0,1.0,1.0,0.0,0.0,0.0,0.0
TON_IoT,ton_iot_attack_family_holdout_full,random_forest,a1_constrained_score_search,jetson_orin_nx_super_ina3221_20260608t140153z,10,0.9862659945466168,0.0005103080846889438,0.9859497023188378,0.9865822867743957,0.9878265560994153,0.0005093368627122031,0.9875108658412541,0.9881422463575764,0.8513427857363972,0.033272844066823626,0.8307200633257719,0.8719655081470226,0.26998574144486687,0.06110610023589977,0.23211178813237174,0.30785969475736197,0.9998973448381101,2.9391280011955693e-05,0.9998791279340258,0.9999155617421944,36039.3,1.0593499054713802,36038.64340812609,36039.95659187392,3.7,1.0593499054713802,3.043408126086769,4.356591873913231,0.9999167660849541,1.1702778228589004e-16,0.999916766084954,0.9999167660849542,0.999980578753156,2.9391280011989463e-05,0.9999623618490716,0.9999987956572405,1.0,0.0,1.0,1.0,1.0,0.0,1.0,1.0,0.0019301405568487701,3.773412554960753e-05,0.0019067527035274735,0.0019535284101700667,518273.0047536753,10007.782941219235,512070.1166228003,524475.8928845504,7.850932025909424,5.18162070120526e-05,7.850899909891586,7.850964141927262,7.885391547583102e-05,0.0,7.885391547583102e-05,7.885391547583102e-05,0.1991888780116903,0.006266830417367839,0.19530465627722474,0.20307309974615587,0.893614520931509,0.021696623350702472,0.8801668144561982,0.9070622274068197,8.0,0.0,8.0,8.0,1.0,0.0,1.0,1.0,0.0,0.0,0.0,0.0
TON_IoT,ton_iot_attack_family_holdout_full,random_forest,a4_split_shift,jetson_orin_nx_super_ina3221_20260608t140153z,10,0.9862659945466168,0.0005103080846889438,0.9859497023188378,0.9865822867743957,0.9878265560994153,0.0005093368627122031,0.9875108658412541,0.9881422463575764,0.9870462753230163,0.0005083122132622526,0.9867312201491638,0.9873613304968687,0.0,0.0,0.0,0.0,1.0,0.0,1.0,1.0,36043.0,0.0,36043.0,36043.0,0.0,0.0,0.0,0.0,1.0,0.0,1.0,1.0,1.0,0.0,1.0,1.0,1.0,0.0,1.0,1.0,1.0,0.0,1.0,1.0,0.0019301405568487701,3.773412554960753e-05,0.0019067527035274735,0.0019535284101700667,518273.0047536753,10007.782941219235,512070.1166228003,524475.8928845504,7.850932025909424,5.18162070120526e-05,7.850899909891586,7.850964141927262,7.885391547583102e-05,0.0,7.885391547583102e-05,7.885391547583102e-05,0.1991888780116903,0.006266830417367839,0.19530465627722474,0.20307309974615587,0.9818217891628113,0.0006122744220734618,0.9814422975443554,0.9822012807812671,8.0,0.0,8.0,8.0,1.0,0.0,1.0,1.0,0.0,0.0,0.0,0.0
UNSW-NB15,unsw_nb15_official_full,extra_trees,a0_clean,jetson_orin_nx_super_ina3221_20260608t140153z,10,0.861401083258609,0.0010880030242447923,0.860726731997687,0.862075434519531,0.8549769626372157,0.0010704385376651819,0.8543134979578643,0.8556404273165671,0.8581890229479125,0.0010791235923863296,0.8575201752158749,0.8588578706799502,0.0,0.0,0.0,0.0,1.0,0.0,1.0,1.0,82332.0,0.0,82332.0,82332.0,0.0,0.0,0.0,0.0,1.0,0.0,1.0,1.0,1.0,0.0,1.0,1.0,1.0,0.0,1.0,1.0,1.0,0.0,1.0,1.0,0.00969815218725688,0.00015217904336293714,0.009603830638979087,0.009792473735534673,103135.171265208,1610.8910378411679,102136.73065578961,104133.6118746264,64.08352117538452,0.0006471977792514021,64.08312003804502,64.08392231272401,7.885391547583102e-05,0.0,7.885391547583102e-05,7.885391547583102e-05,0.4753985850935202,0.008755715757591627,0.469971736243073,0.4808254339439674,0.8430277519819999,0.0012163002376397313,0.842273881284369,0.8437816226796307,8.0,0.0,8.0,8.0,1.0,0.0,1.0,1.0,0.0,0.0,0.0,0.0
UNSW-NB15,unsw_nb15_official_full,extra_trees,a1_constrained_feature,jetson_orin_nx_super_ina3221_20260608t140153z,10,0.861401083258609,0.0010880030242447923,0.860726731997687,0.862075434519531,0.8549769626372157,0.0010704385376651819,0.8543134979578643,0.8556404273165671,0.8624895807413516,0.001017001160601956,0.8618592368914464,0.8631199245912569,0.012107365958104271,0.0007503759257597432,0.011642278140859663,0.01257245377534888,0.9991254919108,0.0,0.9991254919108,0.9991254919108,82260.0,0.0,82260.0,82260.0,72.0,0.0,72.0,72.0,1.0,0.0,1.0,1.0,0.9991254919108,0.0,0.9991254919108,0.9991254919108,1.0,0.0,1.0,1.0,1.0,0.0,1.0,1.0,0.00969815218725688,0.00015217904336293714,0.009603830638979087,0.009792473735534673,103135.171265208,1610.8910378411679,102136.73065578961,104133.6118746264,64.08352117538452,0.0006471977792514021,64.08312003804502,64.08392231272401,7.885391547583102e-05,0.0,7.885391547583102e-05,7.885391547583102e-05,0.4753985850935202,0.008755715757591627,0.469971736243073,0.4808254339439674,0.8458231145477353,0.0011537945936042758,0.8451079852496508,0.8465382438458198,8.0,0.0,8.0,8.0,1.0,0.0,1.0,1.0,0.0,0.0,0.0,0.0
UNSW-NB15,unsw_nb15_official_full,extra_trees,a1_constrained_score_search,jetson_orin_nx_super_ina3221_20260608t140153z,10,0.861401083258609,0.0010880030242447923,0.860726731997687,0.862075434519531,0.8549769626372157,0.0010704385376651819,0.8543134979578643,0.8556404273165671,0.8561991091538574,0.0012494207338720152,0.855424710159982,0.8569735081477329,0.024168377370152042,0.0011478952431031486,0.02345690452739023,0.024879850212913855,0.9991254919108,0.0,0.9991254919108,0.9991254919108,82260.0,0.0,82260.0,82260.0,72.0,0.0,72.0,72.0,1.0,0.0,1.0,1.0,0.9991254919108,0.0,0.9991254919108,0.9991254919108,1.0,0.0,1.0,1.0,1.0,0.0,1.0,1.0,0.00969815218725688,0.00015217904336293714,0.009603830638979087,0.009792473735534673,103135.171265208,1610.8910378411679,102136.73065578961,104133.6118746264,64.08352117538452,0.0006471977792514021,64.08312003804502,64.08392231272401,7.885391547583102e-05,0.0,7.885391547583102e-05,7.885391547583102e-05,0.4753985850935202,0.008755715757591627,0.469971736243073,0.4808254339439674,0.8417343080158639,0.0012930713921676638,0.8409328540636788,0.842535761968049,8.0,0.0,8.0,8.0,1.0,0.0,1.0,1.0,0.0,0.0,0.0,0.0
UNSW-NB15,unsw_nb15_official_full,extra_trees,a4_split_shift,jetson_orin_nx_super_ina3221_20260608t140153z,10,0.861401083258609,0.0010880030242447923,0.860726731997687,0.862075434519531,0.8549769626372157,0.0010704385376651819,0.8543134979578643,0.8556404273165671,0.8581890229479125,0.0010791235923863296,0.8575201752158749,0.8588578706799502,0.0,0.0,0.0,0.0,1.0,0.0,1.0,1.0,82332.0,0.0,82332.0,82332.0,0.0,0.0,0.0,0.0,1.0,0.0,1.0,1.0,1.0,0.0,1.0,1.0,1.0,0.0,1.0,1.0,1.0,0.0,1.0,1.0,0.00969815218725688,0.00015217904336293714,0.009603830638979087,0.009792473735534673,103135.171265208,1610.8910378411679,102136.73065578961,104133.6118746264,64.08352117538452,0.0006471977792514021,64.08312003804502,64.08392231272401,7.885391547583102e-05,0.0,7.885391547583102e-05,7.885391547583102e-05,0.4753985850935202,0.008755715757591627,0.469971736243073,0.4808254339439674,0.8430277519819999,0.0012163002376397313,0.842273881284369,0.8437816226796307,8.0,0.0,8.0,8.0,1.0,0.0,1.0,1.0,0.0,0.0,0.0,0.0
UNSW-NB15,unsw_nb15_official_full,hist_gradient_boosting,a0_clean,jetson_orin_nx_super_ina3221_20260608t140153z,10,0.9087358353323516,0.0006658233275704541,0.9083231537584101,0.9091485169062931,0.9046363290891704,0.0007233718352205625,0.9041879785806458,0.9050846795976949,0.9066860822107609,0.0006941782968458356,0.9062558260447842,0.9071163383767376,0.0,0.0,0.0,0.0,1.0,0.0,1.0,1.0,82332.0,0.0,82332.0,82332.0,0.0,0.0,0.0,0.0,1.0,0.0,1.0,1.0,1.0,0.0,1.0,1.0,1.0,0.0,1.0,1.0,1.0,0.0,1.0,1.0,0.0011410403555131398,0.0001317204943748668,0.0010593991472705366,0.001222681563755743,885827.4560710698,90953.72867305565,829453.7509898731,942201.1611522665,1.8853923797607421,2.1713637498291654e-05,1.8853789215087888,1.8854058380126955,7.885391547583102e-05,0.0,7.885391547583102e-05,7.885391547583102e-05,0.4938112560544309,0.00566409134529199,0.49030061586726237,0.4973218962415994,0.896091200653828,0.0006863962756741455,0.8956657678345449,0.8965166334731111,8.0,0.0,8.0,8.0,1.0,0.0,1.0,1.0,0.0,0.0,0.0,0.0
UNSW-NB15,unsw_nb15_official_full,hist_gradient_boosting,a1_constrained_feature,jetson_orin_nx_super_ina3221_20260608t140153z,10,0.9087358353323516,0.0006658233275704541,0.9083231537584101,0.9091485169062931,0.9046363290891704,0.0007233718352205625,0.9041879785806458,0.9050846795976949,0.9076039843997293,0.000834818424514671,0.9070865585795179,0.9081214102199408,0.0318146701101472,0.000798391019069455,0.03131982222974545,0.03230951799054895,0.9991254919108,0.0,0.9991254919108,0.9991254919108,82260.0,0.0,82260.0,82260.0,72.0,0.0,72.0,72.0,1.0,0.0,1.0,1.0,0.9991254919108,0.0,0.9991254919108,0.9991254919108,1.0,0.0,1.0,1.0,1.0,0.0,1.0,1.0,0.0011410403555131398,0.0001317204943748668,0.0010593991472705366,0.001222681563755743,885827.4560710698,90953.72867305565,829453.7509898731,942201.1611522665,1.8853923797607421,2.1713637498291654e-05,1.8853789215087888,1.8854058380126955,7.885391547583102e-05,0.0,7.885391547583102e-05,7.885391547583102e-05,0.4938112560544309,0.00566409134529199,0.49030061586726237,0.4973218962415994,0.8966878370766574,0.0007430711096865217,0.8962272768313221,0.8971483973219928,8.0,0.0,8.0,8.0,1.0,0.0,1.0,1.0,0.0,0.0,0.0,0.0
UNSW-NB15,unsw_nb15_official_full,hist_gradient_boosting,a1_constrained_score_search,jetson_orin_nx_super_ina3221_20260608t140153z,10,0.9087358353323516,0.0006658233275704541,0.9083231537584101,0.9091485169062931,0.9046363290891704,0.0007233718352205625,0.9041879785806458,0.9050846795976949,0.9036194766188149,0.0008256524555447421,0.9031077319250294,0.9041312213126005,0.03941902302275783,0.0009782252427446138,0.038812712735735985,0.04002533330977967,0.9991254919108,0.0,0.9991254919108,0.9991254919108,82260.0,0.0,82260.0,82260.0,72.0,0.0,72.0,72.0,1.0,0.0,1.0,1.0,0.9991254919108,0.0,0.9991254919108,0.9991254919108,1.0,0.0,1.0,1.0,1.0,0.0,1.0,1.0,0.0011410403555131398,0.0001317204943748668,0.0010593991472705366,0.001222681563755743,885827.4560710698,90953.72867305565,829453.7509898731,942201.1611522665,1.8853923797607421,2.1713637498291654e-05,1.8853789215087888,1.8854058380126955,7.885391547583102e-05,0.0,7.885391547583102e-05,7.885391547583102e-05,0.4938112560544309,0.00566409134529199,0.49030061586726237,0.4973218962415994,0.8940979070190629,0.0007370280596843133,0.8936410922949237,0.894554721743202,8.0,0.0,8.0,8.0,1.0,0.0,1.0,1.0,0.0,0.0,0.0,0.0
UNSW-NB15,unsw_nb15_official_full,hist_gradient_boosting,a4_split_shift,jetson_orin_nx_super_ina3221_20260608t140153z,10,0.9087358353323516,0.0006658233275704541,0.9083231537584101,0.9091485169062931,0.9046363290891704,0.0007233718352205625,0.9041879785806458,0.9050846795976949,0.9066860822107609,0.0006941782968458356,0.9062558260447842,0.9071163383767376,0.0,0.0,0.0,0.0,1.0,0.0,1.0,1.0,82332.0,0.0,82332.0,82332.0,0.0,0.0,0.0,0.0,1.0,0.0,1.0,1.0,1.0,0.0,1.0,1.0,1.0,0.0,1.0,1.0,1.0,0.0,1.0,1.0,0.0011410403555131398,0.0001317204943748668,0.0010593991472705366,0.001222681563755743,885827.4560710698,90953.72867305565,829453.7509898731,942201.1611522665,1.8853923797607421,2.1713637498291654e-05,1.8853789215087888,1.8854058380126955,7.885391547583102e-05,0.0,7.885391547583102e-05,7.885391547583102e-05,0.4938112560544309,0.00566409134529199,0.49030061586726237,0.4973218962415994,0.896091200653828,0.0006863962756741455,0.8956657678345449,0.8965166334731111,8.0,0.0,8.0,8.0,1.0,0.0,1.0,1.0,0.0,0.0,0.0,0.0
UNSW-NB15,unsw_nb15_official_full,logistic_regression,a0_clean,jetson_orin_nx_super_ina3221_20260608t140153z,10,0.8339997182890706,0.0,0.8339997182890706,0.8339997182890706,0.8295477331209264,0.0,0.8295477331209264,0.8295477331209264,0.8317737257049986,1.1702778228589004e-16,0.8317737257049985,0.8317737257049987,0.0,0.0,0.0,0.0,1.0,0.0,1.0,1.0,82332.0,0.0,82332.0,82332.0,0.0,0.0,0.0,0.0,1.0,0.0,1.0,1.0,1.0,0.0,1.0,1.0,1.0,0.0,1.0,1.0,1.0,0.0,1.0,1.0,0.00028751483731778997,1.619431819160434e-06,0.00028651110307726616,0.0002885185715583138,3478180.4818781735,19551.259334481056,3466062.485796342,3490298.477960005,1.885838508605957,8.142614061785253e-05,1.8857880401611329,1.8858889770507812,7.885391547583102e-05,0.0,7.885391547583102e-05,7.885391547583102e-05,0.9863426348787684,0.0,0.9863426348787684,0.9863426348787684,0.811329956815104,8.643311200555432e-09,0.8113299514579242,0.8113299621722838,8.0,0.0,8.0,8.0,1.0,0.0,1.0,1.0,0.0,0.0,0.0,0.0
UNSW-NB15,unsw_nb15_official_full,logistic_regression,a1_constrained_feature,jetson_orin_nx_super_ina3221_20260608t140153z,10,0.8339997182890706,0.0,0.8339997182890706,0.8339997182890706,0.8295477331209264,0.0,0.8295477331209264,0.8295477331209264,0.831370750856083,0.000277142537640399,0.8311989761316123,0.8315425255805537,0.07225790786482128,0.0005354837194317499,0.07192601161696607,0.07258980411267649,0.9991254919108,0.0,0.9991254919108,0.9991254919108,82260.0,0.0,82260.0,82260.0,72.0,0.0,72.0,72.0,1.0,0.0,1.0,1.0,0.9991254919108,0.0,0.9991254919108,0.9991254919108,1.0,0.0,1.0,1.0,1.0,0.0,1.0,1.0,0.00028751483731778997,1.619431819160434e-06,0.00028651110307726616,0.0002885185715583138,3478180.4818781735,19551.259334481056,3466062.485796342,3490298.477960005,1.885838508605957,8.142614061785253e-05,1.8857880401611329,1.8858889770507812,7.885391547583102e-05,0.0,7.885391547583102e-05,7.885391547583102e-05,0.9863426348787684,0.0,0.9863426348787684,0.9863426348787684,0.8110680231633088,0.00018014085688607836,0.8109563707034556,0.8111796756231621,8.0,0.0,8.0,8.0,1.0,0.0,1.0,1.0,0.0,0.0,0.0,0.0
UNSW-NB15,unsw_nb15_official_full,logistic_regression,a1_constrained_score_search,jetson_orin_nx_super_ina3221_20260608t140153z,10,0.8339997182890706,0.0,0.8339997182890706,0.8339997182890706,0.8295477331209264,0.0,0.8295477331209264,0.8295477331209264,0.8190937698720177,0.00022353753853494973,0.8189552198702114,0.8192323198738239,0.09600909432046438,0.00043295890249873243,0.0957407436124964,0.09627744502843236,0.9991254919108,0.0,0.9991254919108,0.9991254919108,82260.0,0.0,82260.0,82260.0,72.0,0.0,72.0,72.0,1.0,0.0,1.0,1.0,0.9991254919108,0.0,0.9991254919108,0.9991254919108,1.0,0.0,1.0,1.0,1.0,0.0,1.0,1.0,0.00028751483731778997,1.619431819160434e-06,0.00028651110307726616,0.0002885185715583138,3478180.4818781735,19551.259334481056,3466062.485796342,3490298.477960005,1.885838508605957,8.142614061785253e-05,1.8857880401611329,1.8858889770507812,7.885391547583102e-05,0.0,7.885391547583102e-05,7.885391547583102e-05,0.9863426348787684,0.0,0.9863426348787684,0.9863426348787684,0.8030879855236666,0.00014530033628596848,0.802997927442206,0.8031780436051271,8.0,0.0,8.0,8.0,1.0,0.0,1.0,1.0,0.0,0.0,0.0,0.0
UNSW-NB15,unsw_nb15_official_full,logistic_regression,a4_split_shift,jetson_orin_nx_super_ina3221_20260608t140153z,10,0.8339997182890706,0.0,0.8339997182890706,0.8339997182890706,0.8295477331209264,0.0,0.8295477331209264,0.8295477331209264,0.8317737257049986,1.1702778228589004e-16,0.8317737257049985,0.8317737257049987,0.0,0.0,0.0,0.0,1.0,0.0,1.0,1.0,82332.0,0.0,82332.0,82332.0,0.0,0.0,0.0,0.0,1.0,0.0,1.0,1.0,1.0,0.0,1.0,1.0,1.0,0.0,1.0,1.0,1.0,0.0,1.0,1.0,0.00028751483731778997,1.619431819160434e-06,0.00028651110307726616,0.0002885185715583138,3478180.4818781735,19551.259334481056,3466062.485796342,3490298.477960005,1.885838508605957,8.142614061785253e-05,1.8857880401611329,1.8858889770507812,7.885391547583102e-05,0.0,7.885391547583102e-05,7.885391547583102e-05,0.9863426348787684,0.0,0.9863426348787684,0.9863426348787684,0.811329956815104,8.643311200555432e-09,0.8113299514579242,0.8113299621722838,8.0,0.0,8.0,8.0,1.0,0.0,1.0,1.0,0.0,0.0,0.0,0.0
UNSW-NB15,unsw_nb15_official_full,mlp_sklearn,a0_clean,jetson_orin_nx_super_ina3221_20260608t140153z,10,0.8453165107482663,0.007915331275514529,0.8404105375962495,0.8502224839002831,0.8392103803529993,0.00790731610511749,0.8343093750550632,0.8441113856509355,0.8422634455506326,0.007911059452004193,0.8373601201022586,0.8471667709990066,0.0,0.0,0.0,0.0,1.0,0.0,1.0,1.0,82332.0,0.0,82332.0,82332.0,0.0,0.0,0.0,0.0,1.0,0.0,1.0,1.0,1.0,0.0,1.0,1.0,1.0,0.0,1.0,1.0,1.0,0.0,1.0,1.0,0.0007663585354171001,2.0193358373436173e-05,0.0007538425622277542,0.000778874508606446,1305668.0822382045,33563.55596166732,1284865.1747283798,1326470.9897480293,40.83081865310669,8.382846063979248e-05,40.83076669568849,40.83087061052489,7.885391547583102e-05,0.0,7.885391547583102e-05,7.885391547583102e-05,0.5606950956427176,0.03456279347969288,0.5392728543027238,0.5821173369827114,0.8271311063540917,0.007718184663896124,0.8223473259379119,0.8319148867702715,8.0,0.0,8.0,8.0,1.0,0.0,1.0,1.0,0.0,0.0,0.0,0.0
UNSW-NB15,unsw_nb15_official_full,mlp_sklearn,a1_constrained_feature,jetson_orin_nx_super_ina3221_20260608t140153z,10,0.8453165107482663,0.007915331275514529,0.8404105375962495,0.8502224839002831,0.8392103803529993,0.00790731610511749,0.8343093750550632,0.8441113856509355,0.8418816933319679,0.007929844441814306,0.8369667248262839,0.846796661837652,0.02704898130366638,0.004444493646023144,0.024294255602020837,0.029803707005311923,0.9991254919108,0.0,0.9991254919108,0.9991254919108,82260.0,0.0,82260.0,82260.0,72.0,0.0,72.0,72.0,1.0,0.0,1.0,1.0,0.9991254919108,0.0,0.9991254919108,0.9991254919108,1.0,0.0,1.0,1.0,1.0,0.0,1.0,1.0,0.0007663585354171001,2.0193358373436173e-05,0.0007538425622277542,0.000778874508606446,1305668.0822382045,33563.55596166732,1284865.1747283798,1326470.9897480293,40.83081865310669,8.382846063979248e-05,40.83076669568849,40.83087061052489,7.885391547583102e-05,0.0,7.885391547583102e-05,7.885391547583102e-05,0.5606950956427176,0.03456279347969288,0.5392728543027238,0.5821173369827114,0.8268829674119594,0.007717187948369016,0.8220998047664636,0.8316661300574553,8.0,0.0,8.0,8.0,1.0,0.0,1.0,1.0,0.0,0.0,0.0,0.0
UNSW-NB15,unsw_nb15_official_full,mlp_sklearn,a1_constrained_score_search,jetson_orin_nx_super_ina3221_20260608t140153z,10,0.8453165107482663,0.007915331275514529,0.8404105375962495,0.8502224839002831,0.8392103803529993,0.00790731610511749,0.8343093750550632,0.8441113856509355,0.8368261435382186,0.007433957951781971,0.8322185286633386,0.8414337584130986,0.03678564333487843,0.005060148945626921,0.03364933052517383,0.03992195614458303,0.9991254919108,0.0,0.9991254919108,0.9991254919108,82260.0,0.0,82260.0,82260.0,72.0,0.0,72.0,72.0,1.0,0.0,1.0,1.0,0.9991254919108,0.0,0.9991254919108,0.9991254919108,1.0,0.0,1.0,1.0,1.0,0.0,1.0,1.0,0.0007663585354171001,2.0193358373436173e-05,0.0007538425622277542,0.000778874508606446,1305668.0822382045,33563.55596166732,1284865.1747283798,1326470.9897480293,40.83081865310669,8.382846063979248e-05,40.83076669568849,40.83087061052489,7.885391547583102e-05,0.0,7.885391547583102e-05,7.885391547583102e-05,0.5606950956427176,0.03456279347969288,0.5392728543027238,0.5821173369827114,0.8235968600460225,0.007383959821961521,0.8190202343330628,0.8281734857589822,8.0,0.0,8.0,8.0,1.0,0.0,1.0,1.0,0.0,0.0,0.0,0.0
UNSW-NB15,unsw_nb15_official_full,mlp_sklearn,a4_split_shift,jetson_orin_nx_super_ina3221_20260608t140153z,10,0.8453165107482663,0.007915331275514529,0.8404105375962495,0.8502224839002831,0.8392103803529993,0.00790731610511749,0.8343093750550632,0.8441113856509355,0.8422634455506326,0.007911059452004193,0.8373601201022586,0.8471667709990066,0.0,0.0,0.0,0.0,1.0,0.0,1.0,1.0,82332.0,0.0,82332.0,82332.0,0.0,0.0,0.0,0.0,1.0,0.0,1.0,1.0,1.0,0.0,1.0,1.0,1.0,0.0,1.0,1.0,1.0,0.0,1.0,1.0,0.0007663585354171001,2.0193358373436173e-05,0.0007538425622277542,0.000778874508606446,1305668.0822382045,33563.55596166732,1284865.1747283798,1326470.9897480293,40.83081865310669,8.382846063979248e-05,40.83076669568849,40.83087061052489,7.885391547583102e-05,0.0,7.885391547583102e-05,7.885391547583102e-05,0.5606950956427176,0.03456279347969288,0.5392728543027238,0.5821173369827114,0.8271311063540917,0.007718184663896124,0.8223473259379119,0.8319148867702715,8.0,0.0,8.0,8.0,1.0,0.0,1.0,1.0,0.0,0.0,0.0,0.0
UNSW-NB15,unsw_nb15_official_full,random_forest,a0_clean,jetson_orin_nx_super_ina3221_20260608t140153z,10,0.8666602469061825,0.0007637840571268123,0.8661868486430176,0.8671336451693473,0.8600121182816982,0.0007475216427479291,0.8595487995673928,0.8604754369960036,0.8633361825939405,0.0007555520897440724,0.8628678865570203,0.8638044786308607,0.0,0.0,0.0,0.0,1.0,0.0,1.0,1.0,82332.0,0.0,82332.0,82332.0,0.0,0.0,0.0,0.0,1.0,0.0,1.0,1.0,1.0,0.0,1.0,1.0,1.0,0.0,1.0,1.0,1.0,0.0,1.0,1.0,0.006458720477846849,8.601966698419311e-05,0.006405404935883959,0.0065120360198097395,154853.7936018524,2033.0307067428294,153593.70811492405,156113.87908878076,64.08388843536378,0.0004925719791802546,64.08358313608808,64.08419373463947,7.885391547583102e-05,0.0,7.885391547583102e-05,7.885391547583102e-05,0.4162900667984671,0.007220224266412667,0.4118149254342469,0.42076520816268725,0.8493638051699657,0.0008697555779274121,0.8488247250777239,0.8499028852622075,8.0,0.0,8.0,8.0,1.0,0.0,1.0,1.0,0.0,0.0,0.0,0.0
UNSW-NB15,unsw_nb15_official_full,random_forest,a1_constrained_feature,jetson_orin_nx_super_ina3221_20260608t140153z,10,0.8666602469061825,0.0007637840571268123,0.8661868486430176,0.8671336451693473,0.8600121182816982,0.0007475216427479291,0.8595487995673928,0.8604754369960036,0.8665260018104626,0.0007259575058398056,0.8660760486866846,0.8669759549342405,0.00881619318808903,0.0003980325849515096,0.008569490036012428,0.009062896340165633,0.9991254919108,0.0,0.9991254919108,0.9991254919108,82260.0,0.0,82260.0,82260.0,72.0,0.0,72.0,72.0,1.0,0.0,1.0,1.0,0.9991254919108,0.0,0.9991254919108,0.9991254919108,1.0,0.0,1.0,1.0,1.0,0.0,1.0,1.0,0.006458720477846849,8.601966698419311e-05,0.006405404935883959,0.0065120360198097395,154853.7936018524,2033.0307067428294,153593.70811492405,156113.87908878076,64.08388843536378,0.0004925719791802546,64.08358313608808,64.08419373463947,7.885391547583102e-05,0.0,7.885391547583102e-05,7.885391547583102e-05,0.4162900667984671,0.007220224266412667,0.4118149254342469,0.42076520816268725,0.8514371876607051,0.0008005933014045966,0.8509409747915703,0.8519334005298399,8.0,0.0,8.0,8.0,1.0,0.0,1.0,1.0,0.0,0.0,0.0,0.0
UNSW-NB15,unsw_nb15_official_full,random_forest,a1_constrained_score_search,jetson_orin_nx_super_ina3221_20260608t140153z,10,0.8666602469061825,0.0007637840571268123,0.8661868486430176,0.8671336451693473,0.8600121182816982,0.0007475216427479291,0.8595487995673928,0.8604754369960036,0.8618335611488714,0.000886700956273396,0.8612839782023178,0.862383144095425,0.01780235304505217,0.0007814072834433473,0.017318031793050723,0.018286674297053617,0.9991254919108,0.0,0.9991254919108,0.9991254919108,82260.0,0.0,82260.0,82260.0,72.0,0.0,72.0,72.0,1.0,0.0,1.0,1.0,0.9991254919108,0.0,0.9991254919108,0.9991254919108,1.0,0.0,1.0,1.0,1.0,0.0,1.0,1.0,0.006458720477846849,8.601966698419311e-05,0.006405404935883959,0.0065120360198097395,154853.7936018524,2033.0307067428294,153593.70811492405,156113.87908878076,64.08388843536378,0.0004925719791802546,64.08358313608808,64.08419373463947,7.885391547583102e-05,0.0,7.885391547583102e-05,7.885391547583102e-05,0.4162900667984671,0.007220224266412667,0.4118149254342469,0.42076520816268725,0.848387101230671,0.0009052921358078044,0.8478259953516607,0.8489482071096812,8.0,0.0,8.0,8.0,1.0,0.0,1.0,1.0,0.0,0.0,0.0,0.0
UNSW-NB15,unsw_nb15_official_full,random_forest,a4_split_shift,jetson_orin_nx_super_ina3221_20260608t140153z,10,0.8666602469061825,0.0007637840571268123,0.8661868486430176,0.8671336451693473,0.8600121182816982,0.0007475216427479291,0.8595487995673928,0.8604754369960036,0.8633361825939405,0.0007555520897440724,0.8628678865570203,0.8638044786308607,0.0,0.0,0.0,0.0,1.0,0.0,1.0,1.0,82332.0,0.0,82332.0,82332.0,0.0,0.0,0.0,0.0,1.0,0.0,1.0,1.0,1.0,0.0,1.0,1.0,1.0,0.0,1.0,1.0,1.0,0.0,1.0,1.0,0.006458720477846849,8.601966698419311e-05,0.006405404935883959,0.0065120360198097395,154853.7936018524,2033.0307067428294,153593.70811492405,156113.87908878076,64.08388843536378,0.0004925719791802546,64.08358313608808,64.08419373463947,7.885391547583102e-05,0.0,7.885391547583102e-05,7.885391547583102e-05,0.4162900667984671,0.007220224266412667,0.4118149254342469,0.42076520816268725,0.8493638051699657,0.0008697555779274121,0.8488247250777239,0.8499028852622075,8.0,0.0,8.0,8.0,1.0,0.0,1.0,1.0,0.0,0.0,0.0,0.0
