event_id,stage,dataset,split_id,seed,model_id,threat_id,start_iso,end_iso,elapsed_s,rows,output_path,detail
1,dataset_load,CSE-CIC-IDS2018,cse_cic_ids2018_random_control_sample,0,,,2026-06-12T11:31:04.587526+00:00,2026-06-12T11:31:48.554321+00:00,43.966795682907104,20000,,
2,preprocess_manifest,CSE-CIC-IDS2018,cse_cic_ids2018_random_control_sample,0,,,2026-06-12T11:31:48.554521+00:00,2026-06-12T11:31:50.863540+00:00,2.3090198040008545,20000,,
3,split_construction,CSE-CIC-IDS2018,cse_cic_ids2018_random_control_sample,0,extra_trees,,2026-06-12T11:31:50.863738+00:00,2026-06-12T11:31:50.990169+00:00,0.12643098831176758,20000,,
4,preprocessing,CSE-CIC-IDS2018,cse_cic_ids2018_random_control_sample,0,extra_trees,,2026-06-12T11:31:50.990305+00:00,2026-06-12T11:31:53.509919+00:00,2.5196139812469482,20000,,
5,model_training,CSE-CIC-IDS2018,cse_cic_ids2018_random_control_sample,0,extra_trees,,2026-06-12T11:31:53.510122+00:00,2026-06-12T11:31:54.651245+00:00,1.1411232948303223,20000,,
6,clean_profile,CSE-CIC-IDS2018,cse_cic_ids2018_random_control_sample,0,extra_trees,,2026-06-12T11:31:54.651323+00:00,2026-06-12T11:31:54.879496+00:00,0.22817254066467285,20000,,
7,threat_evaluation,CSE-CIC-IDS2018,cse_cic_ids2018_random_control_sample,0,extra_trees,a0_clean,2026-06-12T11:31:54.900003+00:00,2026-06-12T11:31:54.976399+00:00,0.07639527320861816,6000,,
8,result_writing,CSE-CIC-IDS2018,cse_cic_ids2018_random_control_sample,0,extra_trees,a0_clean,2026-06-12T11:31:54.976573+00:00,2026-06-12T11:31:54.981000+00:00,0.004426240921020508,1,results/raw/tier_e_random_control_hgb_mlp_timed_cse_cic_ids2018/CSE-CIC-IDS2018_cse_cic_ids2018_random_control_sample_extra_trees_a0_clean_0.csv,
9,split_construction,CSE-CIC-IDS2018,cse_cic_ids2018_random_control_sample,0,hist_gradient_boosting,,2026-06-12T11:31:54.981091+00:00,2026-06-12T11:31:55.105012+00:00,0.12392044067382812,20000,,
10,preprocessing,CSE-CIC-IDS2018,cse_cic_ids2018_random_control_sample,0,hist_gradient_boosting,,2026-06-12T11:31:55.105162+00:00,2026-06-12T11:31:57.623748+00:00,2.5185861587524414,20000,,
11,model_training,CSE-CIC-IDS2018,cse_cic_ids2018_random_control_sample,0,hist_gradient_boosting,,2026-06-12T11:31:57.623918+00:00,2026-06-12T11:31:58.428677+00:00,0.8047590255737305,20000,,
12,clean_profile,CSE-CIC-IDS2018,cse_cic_ids2018_random_control_sample,0,hist_gradient_boosting,,2026-06-12T11:31:58.428757+00:00,2026-06-12T11:31:58.467510+00:00,0.03875327110290527,20000,,
13,threat_evaluation,CSE-CIC-IDS2018,cse_cic_ids2018_random_control_sample,0,hist_gradient_boosting,a0_clean,2026-06-12T11:31:58.488398+00:00,2026-06-12T11:31:58.504317+00:00,0.01591944694519043,6000,,
14,result_writing,CSE-CIC-IDS2018,cse_cic_ids2018_random_control_sample,0,hist_gradient_boosting,a0_clean,2026-06-12T11:31:58.504488+00:00,2026-06-12T11:31:58.507799+00:00,0.003310680389404297,1,results/raw/tier_e_random_control_hgb_mlp_timed_cse_cic_ids2018/CSE-CIC-IDS2018_cse_cic_ids2018_random_control_sample_hist_gradient_boosting_a0_clean_0.csv,
15,split_construction,CSE-CIC-IDS2018,cse_cic_ids2018_random_control_sample,0,logistic_regression,,2026-06-12T11:31:58.507885+00:00,2026-06-12T11:31:58.632409+00:00,0.12452459335327148,20000,,
16,preprocessing,CSE-CIC-IDS2018,cse_cic_ids2018_random_control_sample,0,logistic_regression,,2026-06-12T11:31:58.632536+00:00,2026-06-12T11:32:01.238597+00:00,2.6060612201690674,20000,,
17,model_training,CSE-CIC-IDS2018,cse_cic_ids2018_random_control_sample,0,logistic_regression,,2026-06-12T11:32:01.238744+00:00,2026-06-12T11:32:13.937945+00:00,12.69920039176941,20000,,
18,clean_profile,CSE-CIC-IDS2018,cse_cic_ids2018_random_control_sample,0,logistic_regression,,2026-06-12T11:32:13.938013+00:00,2026-06-12T11:32:13.987493+00:00,0.04947948455810547,20000,,
19,threat_evaluation,CSE-CIC-IDS2018,cse_cic_ids2018_random_control_sample,0,logistic_regression,a0_clean,2026-06-12T11:32:14.008728+00:00,2026-06-12T11:32:14.018813+00:00,0.010085821151733398,6000,,
20,result_writing,CSE-CIC-IDS2018,cse_cic_ids2018_random_control_sample,0,logistic_regression,a0_clean,2026-06-12T11:32:14.018983+00:00,2026-06-12T11:32:14.022257+00:00,0.003274679183959961,1,results/raw/tier_e_random_control_hgb_mlp_timed_cse_cic_ids2018/CSE-CIC-IDS2018_cse_cic_ids2018_random_control_sample_logistic_regression_a0_clean_0.csv,
21,split_construction,CSE-CIC-IDS2018,cse_cic_ids2018_random_control_sample,0,mlp_sklearn,,2026-06-12T11:32:14.022345+00:00,2026-06-12T11:32:14.146316+00:00,0.12397074699401855,20000,,
22,preprocessing,CSE-CIC-IDS2018,cse_cic_ids2018_random_control_sample,0,mlp_sklearn,,2026-06-12T11:32:14.146447+00:00,2026-06-12T11:32:16.669486+00:00,2.5230391025543213,20000,,
23,model_training,CSE-CIC-IDS2018,cse_cic_ids2018_random_control_sample,0,mlp_sklearn,,2026-06-12T11:32:16.669670+00:00,2026-06-12T11:32:17.923456+00:00,1.253786563873291,20000,,
24,clean_profile,CSE-CIC-IDS2018,cse_cic_ids2018_random_control_sample,0,mlp_sklearn,,2026-06-12T11:32:17.923532+00:00,2026-06-12T11:32:17.948565+00:00,0.025032758712768555,20000,,
25,threat_evaluation,CSE-CIC-IDS2018,cse_cic_ids2018_random_control_sample,0,mlp_sklearn,a0_clean,2026-06-12T11:32:17.969523+00:00,2026-06-12T11:32:17.982154+00:00,0.012630939483642578,6000,,
26,result_writing,CSE-CIC-IDS2018,cse_cic_ids2018_random_control_sample,0,mlp_sklearn,a0_clean,2026-06-12T11:32:17.982327+00:00,2026-06-12T11:32:17.985806+00:00,0.003478527069091797,1,results/raw/tier_e_random_control_hgb_mlp_timed_cse_cic_ids2018/CSE-CIC-IDS2018_cse_cic_ids2018_random_control_sample_mlp_sklearn_a0_clean_0.csv,
27,split_construction,CSE-CIC-IDS2018,cse_cic_ids2018_random_control_sample,0,random_forest,,2026-06-12T11:32:17.985899+00:00,2026-06-12T11:32:18.111498+00:00,0.12559843063354492,20000,,
28,preprocessing,CSE-CIC-IDS2018,cse_cic_ids2018_random_control_sample,0,random_forest,,2026-06-12T11:32:18.111629+00:00,2026-06-12T11:32:20.630453+00:00,2.518824577331543,20000,,
29,model_training,CSE-CIC-IDS2018,cse_cic_ids2018_random_control_sample,0,random_forest,,2026-06-12T11:32:20.630643+00:00,2026-06-12T11:32:22.422247+00:00,1.7916042804718018,20000,,
30,clean_profile,CSE-CIC-IDS2018,cse_cic_ids2018_random_control_sample,0,random_forest,,2026-06-12T11:32:22.422326+00:00,2026-06-12T11:32:22.580536+00:00,0.15820980072021484,20000,,
31,threat_evaluation,CSE-CIC-IDS2018,cse_cic_ids2018_random_control_sample,0,random_forest,a0_clean,2026-06-12T11:32:22.601324+00:00,2026-06-12T11:32:22.656188+00:00,0.05486416816711426,6000,,
32,result_writing,CSE-CIC-IDS2018,cse_cic_ids2018_random_control_sample,0,random_forest,a0_clean,2026-06-12T11:32:22.656359+00:00,2026-06-12T11:32:22.659672+00:00,0.0033125877380371094,1,results/raw/tier_e_random_control_hgb_mlp_timed_cse_cic_ids2018/CSE-CIC-IDS2018_cse_cic_ids2018_random_control_sample_random_forest_a0_clean_0.csv,
33,dataset_load,CSE-CIC-IDS2018,cse_cic_ids2018_random_control_sample,1,,,2026-06-12T11:32:22.659716+00:00,2026-06-12T11:33:06.476528+00:00,43.81681156158447,20000,,
34,preprocess_manifest,CSE-CIC-IDS2018,cse_cic_ids2018_random_control_sample,1,,,2026-06-12T11:33:06.476664+00:00,2026-06-12T11:33:08.779830+00:00,2.3031654357910156,20000,,
35,split_construction,CSE-CIC-IDS2018,cse_cic_ids2018_random_control_sample,1,extra_trees,,2026-06-12T11:33:08.780013+00:00,2026-06-12T11:33:08.904065+00:00,0.12405252456665039,20000,,
36,preprocessing,CSE-CIC-IDS2018,cse_cic_ids2018_random_control_sample,1,extra_trees,,2026-06-12T11:33:08.904186+00:00,2026-06-12T11:33:11.417934+00:00,2.5137484073638916,20000,,
37,model_training,CSE-CIC-IDS2018,cse_cic_ids2018_random_control_sample,1,extra_trees,,2026-06-12T11:33:11.418131+00:00,2026-06-12T11:33:12.576070+00:00,1.1579389572143555,20000,,
38,clean_profile,CSE-CIC-IDS2018,cse_cic_ids2018_random_control_sample,1,extra_trees,,2026-06-12T11:33:12.576151+00:00,2026-06-12T11:33:12.806619+00:00,0.2304685115814209,20000,,
39,threat_evaluation,CSE-CIC-IDS2018,cse_cic_ids2018_random_control_sample,1,extra_trees,a0_clean,2026-06-12T11:33:12.827411+00:00,2026-06-12T11:33:12.907348+00:00,0.07993721961975098,6000,,
40,result_writing,CSE-CIC-IDS2018,cse_cic_ids2018_random_control_sample,1,extra_trees,a0_clean,2026-06-12T11:33:12.907519+00:00,2026-06-12T11:33:12.910835+00:00,0.003316640853881836,1,results/raw/tier_e_random_control_hgb_mlp_timed_cse_cic_ids2018/CSE-CIC-IDS2018_cse_cic_ids2018_random_control_sample_extra_trees_a0_clean_1.csv,
41,split_construction,CSE-CIC-IDS2018,cse_cic_ids2018_random_control_sample,1,hist_gradient_boosting,,2026-06-12T11:33:12.910921+00:00,2026-06-12T11:33:13.035031+00:00,0.12411046028137207,20000,,
42,preprocessing,CSE-CIC-IDS2018,cse_cic_ids2018_random_control_sample,1,hist_gradient_boosting,,2026-06-12T11:33:13.035151+00:00,2026-06-12T11:33:15.556785+00:00,2.5216333866119385,20000,,
43,model_training,CSE-CIC-IDS2018,cse_cic_ids2018_random_control_sample,1,hist_gradient_boosting,,2026-06-12T11:33:15.556944+00:00,2026-06-12T11:33:16.291041+00:00,0.7340970039367676,20000,,
44,clean_profile,CSE-CIC-IDS2018,cse_cic_ids2018_random_control_sample,1,hist_gradient_boosting,,2026-06-12T11:33:16.291121+00:00,2026-06-12T11:33:16.326778+00:00,0.035657644271850586,20000,,
45,threat_evaluation,CSE-CIC-IDS2018,cse_cic_ids2018_random_control_sample,1,hist_gradient_boosting,a0_clean,2026-06-12T11:33:16.348028+00:00,2026-06-12T11:33:16.363961+00:00,0.01593303680419922,6000,,
46,result_writing,CSE-CIC-IDS2018,cse_cic_ids2018_random_control_sample,1,hist_gradient_boosting,a0_clean,2026-06-12T11:33:16.364133+00:00,2026-06-12T11:33:16.367465+00:00,0.003331422805786133,1,results/raw/tier_e_random_control_hgb_mlp_timed_cse_cic_ids2018/CSE-CIC-IDS2018_cse_cic_ids2018_random_control_sample_hist_gradient_boosting_a0_clean_1.csv,
47,split_construction,CSE-CIC-IDS2018,cse_cic_ids2018_random_control_sample,1,logistic_regression,,2026-06-12T11:33:16.367548+00:00,2026-06-12T11:33:16.488890+00:00,0.12134218215942383,20000,,
48,preprocessing,CSE-CIC-IDS2018,cse_cic_ids2018_random_control_sample,1,logistic_regression,,2026-06-12T11:33:16.489006+00:00,2026-06-12T11:33:19.002698+00:00,2.513692855834961,20000,,
49,model_training,CSE-CIC-IDS2018,cse_cic_ids2018_random_control_sample,1,logistic_regression,,2026-06-12T11:33:19.002843+00:00,2026-06-12T11:33:34.136349+00:00,15.133506298065186,20000,,
50,clean_profile,CSE-CIC-IDS2018,cse_cic_ids2018_random_control_sample,1,logistic_regression,,2026-06-12T11:33:34.136414+00:00,2026-06-12T11:33:34.160267+00:00,0.023853302001953125,20000,,
51,threat_evaluation,CSE-CIC-IDS2018,cse_cic_ids2018_random_control_sample,1,logistic_regression,a0_clean,2026-06-12T11:33:34.181259+00:00,2026-06-12T11:33:34.191328+00:00,0.010068893432617188,6000,,
52,result_writing,CSE-CIC-IDS2018,cse_cic_ids2018_random_control_sample,1,logistic_regression,a0_clean,2026-06-12T11:33:34.191496+00:00,2026-06-12T11:33:34.194772+00:00,0.003275632858276367,1,results/raw/tier_e_random_control_hgb_mlp_timed_cse_cic_ids2018/CSE-CIC-IDS2018_cse_cic_ids2018_random_control_sample_logistic_regression_a0_clean_1.csv,
53,split_construction,CSE-CIC-IDS2018,cse_cic_ids2018_random_control_sample,1,mlp_sklearn,,2026-06-12T11:33:34.194854+00:00,2026-06-12T11:33:34.318523+00:00,0.12366914749145508,20000,,
54,preprocessing,CSE-CIC-IDS2018,cse_cic_ids2018_random_control_sample,1,mlp_sklearn,,2026-06-12T11:33:34.318654+00:00,2026-06-12T11:33:36.835242+00:00,2.516587972640991,20000,,
55,model_training,CSE-CIC-IDS2018,cse_cic_ids2018_random_control_sample,1,mlp_sklearn,,2026-06-12T11:33:36.835402+00:00,2026-06-12T11:33:37.798523+00:00,0.9631214141845703,20000,,
56,clean_profile,CSE-CIC-IDS2018,cse_cic_ids2018_random_control_sample,1,mlp_sklearn,,2026-06-12T11:33:37.798596+00:00,2026-06-12T11:33:37.823143+00:00,0.024547576904296875,20000,,
57,threat_evaluation,CSE-CIC-IDS2018,cse_cic_ids2018_random_control_sample,1,mlp_sklearn,a0_clean,2026-06-12T11:33:37.844110+00:00,2026-06-12T11:33:37.856701+00:00,0.012591123580932617,6000,,
58,result_writing,CSE-CIC-IDS2018,cse_cic_ids2018_random_control_sample,1,mlp_sklearn,a0_clean,2026-06-12T11:33:37.856882+00:00,2026-06-12T11:33:37.860290+00:00,0.0034084320068359375,1,results/raw/tier_e_random_control_hgb_mlp_timed_cse_cic_ids2018/CSE-CIC-IDS2018_cse_cic_ids2018_random_control_sample_mlp_sklearn_a0_clean_1.csv,
59,split_construction,CSE-CIC-IDS2018,cse_cic_ids2018_random_control_sample,1,random_forest,,2026-06-12T11:33:37.860384+00:00,2026-06-12T11:33:37.983933+00:00,0.12354922294616699,20000,,
60,preprocessing,CSE-CIC-IDS2018,cse_cic_ids2018_random_control_sample,1,random_forest,,2026-06-12T11:33:37.984071+00:00,2026-06-12T11:33:40.499402+00:00,2.5153305530548096,20000,,
61,model_training,CSE-CIC-IDS2018,cse_cic_ids2018_random_control_sample,1,random_forest,,2026-06-12T11:33:40.499589+00:00,2026-06-12T11:33:42.315176+00:00,1.815586805343628,20000,,
62,clean_profile,CSE-CIC-IDS2018,cse_cic_ids2018_random_control_sample,1,random_forest,,2026-06-12T11:33:42.315256+00:00,2026-06-12T11:33:42.476626+00:00,0.16137003898620605,20000,,
63,threat_evaluation,CSE-CIC-IDS2018,cse_cic_ids2018_random_control_sample,1,random_forest,a0_clean,2026-06-12T11:33:42.497441+00:00,2026-06-12T11:33:42.553056+00:00,0.05561494827270508,6000,,
64,result_writing,CSE-CIC-IDS2018,cse_cic_ids2018_random_control_sample,1,random_forest,a0_clean,2026-06-12T11:33:42.553235+00:00,2026-06-12T11:33:42.556592+00:00,0.0033571720123291016,1,results/raw/tier_e_random_control_hgb_mlp_timed_cse_cic_ids2018/CSE-CIC-IDS2018_cse_cic_ids2018_random_control_sample_random_forest_a0_clean_1.csv,
65,dataset_load,CSE-CIC-IDS2018,cse_cic_ids2018_random_control_sample,2,,,2026-06-12T11:33:42.556637+00:00,2026-06-12T11:34:26.485509+00:00,43.928871393203735,20000,,
66,preprocess_manifest,CSE-CIC-IDS2018,cse_cic_ids2018_random_control_sample,2,,,2026-06-12T11:34:26.485651+00:00,2026-06-12T11:34:28.784262+00:00,2.2986109256744385,20000,,
67,split_construction,CSE-CIC-IDS2018,cse_cic_ids2018_random_control_sample,2,extra_trees,,2026-06-12T11:34:28.784444+00:00,2026-06-12T11:34:28.907408+00:00,0.12296366691589355,20000,,
68,preprocessing,CSE-CIC-IDS2018,cse_cic_ids2018_random_control_sample,2,extra_trees,,2026-06-12T11:34:28.907541+00:00,2026-06-12T11:34:31.400898+00:00,2.4933571815490723,20000,,
69,model_training,CSE-CIC-IDS2018,cse_cic_ids2018_random_control_sample,2,extra_trees,,2026-06-12T11:34:31.401087+00:00,2026-06-12T11:34:32.552153+00:00,1.151066541671753,20000,,
70,clean_profile,CSE-CIC-IDS2018,cse_cic_ids2018_random_control_sample,2,extra_trees,,2026-06-12T11:34:32.552236+00:00,2026-06-12T11:34:32.787241+00:00,0.23500490188598633,20000,,
71,threat_evaluation,CSE-CIC-IDS2018,cse_cic_ids2018_random_control_sample,2,extra_trees,a0_clean,2026-06-12T11:34:32.808155+00:00,2026-06-12T11:34:32.888561+00:00,0.08040666580200195,6000,,
72,result_writing,CSE-CIC-IDS2018,cse_cic_ids2018_random_control_sample,2,extra_trees,a0_clean,2026-06-12T11:34:32.888743+00:00,2026-06-12T11:34:32.892067+00:00,0.003324747085571289,1,results/raw/tier_e_random_control_hgb_mlp_timed_cse_cic_ids2018/CSE-CIC-IDS2018_cse_cic_ids2018_random_control_sample_extra_trees_a0_clean_2.csv,
73,split_construction,CSE-CIC-IDS2018,cse_cic_ids2018_random_control_sample,2,hist_gradient_boosting,,2026-06-12T11:34:32.892155+00:00,2026-06-12T11:34:33.017055+00:00,0.12490010261535645,20000,,
74,preprocessing,CSE-CIC-IDS2018,cse_cic_ids2018_random_control_sample,2,hist_gradient_boosting,,2026-06-12T11:34:33.017178+00:00,2026-06-12T11:34:35.513942+00:00,2.4967639446258545,20000,,
75,model_training,CSE-CIC-IDS2018,cse_cic_ids2018_random_control_sample,2,hist_gradient_boosting,,2026-06-12T11:34:35.514107+00:00,2026-06-12T11:34:36.258296+00:00,0.7441895008087158,20000,,
76,clean_profile,CSE-CIC-IDS2018,cse_cic_ids2018_random_control_sample,2,hist_gradient_boosting,,2026-06-12T11:34:36.258376+00:00,2026-06-12T11:34:36.294702+00:00,0.036325931549072266,20000,,
77,threat_evaluation,CSE-CIC-IDS2018,cse_cic_ids2018_random_control_sample,2,hist_gradient_boosting,a0_clean,2026-06-12T11:34:36.315890+00:00,2026-06-12T11:34:36.330790+00:00,0.014899492263793945,6000,,
78,result_writing,CSE-CIC-IDS2018,cse_cic_ids2018_random_control_sample,2,hist_gradient_boosting,a0_clean,2026-06-12T11:34:36.330969+00:00,2026-06-12T11:34:36.334334+00:00,0.003365039825439453,1,results/raw/tier_e_random_control_hgb_mlp_timed_cse_cic_ids2018/CSE-CIC-IDS2018_cse_cic_ids2018_random_control_sample_hist_gradient_boosting_a0_clean_2.csv,
79,split_construction,CSE-CIC-IDS2018,cse_cic_ids2018_random_control_sample,2,logistic_regression,,2026-06-12T11:34:36.334424+00:00,2026-06-12T11:34:36.459372+00:00,0.12494730949401855,20000,,
80,preprocessing,CSE-CIC-IDS2018,cse_cic_ids2018_random_control_sample,2,logistic_regression,,2026-06-12T11:34:36.459495+00:00,2026-06-12T11:34:38.945537+00:00,2.4860427379608154,20000,,
81,model_training,CSE-CIC-IDS2018,cse_cic_ids2018_random_control_sample,2,logistic_regression,,2026-06-12T11:34:38.945682+00:00,2026-06-12T11:34:51.796636+00:00,12.85095477104187,20000,,
82,clean_profile,CSE-CIC-IDS2018,cse_cic_ids2018_random_control_sample,2,logistic_regression,,2026-06-12T11:34:51.796704+00:00,2026-06-12T11:34:51.824264+00:00,0.02756047248840332,20000,,
83,threat_evaluation,CSE-CIC-IDS2018,cse_cic_ids2018_random_control_sample,2,logistic_regression,a0_clean,2026-06-12T11:34:51.845383+00:00,2026-06-12T11:34:51.855337+00:00,0.009954214096069336,6000,,
84,result_writing,CSE-CIC-IDS2018,cse_cic_ids2018_random_control_sample,2,logistic_regression,a0_clean,2026-06-12T11:34:51.855514+00:00,2026-06-12T11:34:51.858756+00:00,0.003241300582885742,1,results/raw/tier_e_random_control_hgb_mlp_timed_cse_cic_ids2018/CSE-CIC-IDS2018_cse_cic_ids2018_random_control_sample_logistic_regression_a0_clean_2.csv,
85,split_construction,CSE-CIC-IDS2018,cse_cic_ids2018_random_control_sample,2,mlp_sklearn,,2026-06-12T11:34:51.858841+00:00,2026-06-12T11:34:51.982307+00:00,0.12346601486206055,20000,,
86,preprocessing,CSE-CIC-IDS2018,cse_cic_ids2018_random_control_sample,2,mlp_sklearn,,2026-06-12T11:34:51.982430+00:00,2026-06-12T11:34:54.475124+00:00,2.4926936626434326,20000,,
87,model_training,CSE-CIC-IDS2018,cse_cic_ids2018_random_control_sample,2,mlp_sklearn,,2026-06-12T11:34:54.475290+00:00,2026-06-12T11:34:55.801558+00:00,1.3262677192687988,20000,,
88,clean_profile,CSE-CIC-IDS2018,cse_cic_ids2018_random_control_sample,2,mlp_sklearn,,2026-06-12T11:34:55.801631+00:00,2026-06-12T11:34:55.826245+00:00,0.024613142013549805,20000,,
89,threat_evaluation,CSE-CIC-IDS2018,cse_cic_ids2018_random_control_sample,2,mlp_sklearn,a0_clean,2026-06-12T11:34:55.847212+00:00,2026-06-12T11:34:55.859661+00:00,0.012449502944946289,6000,,
90,result_writing,CSE-CIC-IDS2018,cse_cic_ids2018_random_control_sample,2,mlp_sklearn,a0_clean,2026-06-12T11:34:55.859855+00:00,2026-06-12T11:34:55.863273+00:00,0.003417491912841797,1,results/raw/tier_e_random_control_hgb_mlp_timed_cse_cic_ids2018/CSE-CIC-IDS2018_cse_cic_ids2018_random_control_sample_mlp_sklearn_a0_clean_2.csv,
91,split_construction,CSE-CIC-IDS2018,cse_cic_ids2018_random_control_sample,2,random_forest,,2026-06-12T11:34:55.863365+00:00,2026-06-12T11:34:55.988408+00:00,0.12504315376281738,20000,,
92,preprocessing,CSE-CIC-IDS2018,cse_cic_ids2018_random_control_sample,2,random_forest,,2026-06-12T11:34:55.988539+00:00,2026-06-12T11:34:58.476531+00:00,2.487992525100708,20000,,
93,model_training,CSE-CIC-IDS2018,cse_cic_ids2018_random_control_sample,2,random_forest,,2026-06-12T11:34:58.476716+00:00,2026-06-12T11:35:00.270339+00:00,1.7936227321624756,20000,,
94,clean_profile,CSE-CIC-IDS2018,cse_cic_ids2018_random_control_sample,2,random_forest,,2026-06-12T11:35:00.270425+00:00,2026-06-12T11:35:00.430538+00:00,0.16011357307434082,20000,,
95,threat_evaluation,CSE-CIC-IDS2018,cse_cic_ids2018_random_control_sample,2,random_forest,a0_clean,2026-06-12T11:35:00.451369+00:00,2026-06-12T11:35:00.506954+00:00,0.05558466911315918,6000,,
96,result_writing,CSE-CIC-IDS2018,cse_cic_ids2018_random_control_sample,2,random_forest,a0_clean,2026-06-12T11:35:00.507135+00:00,2026-06-12T11:35:00.510491+00:00,0.0033559799194335938,1,results/raw/tier_e_random_control_hgb_mlp_timed_cse_cic_ids2018/CSE-CIC-IDS2018_cse_cic_ids2018_random_control_sample_random_forest_a0_clean_2.csv,
97,dataset_load,CSE-CIC-IDS2018,cse_cic_ids2018_random_control_sample,3,,,2026-06-12T11:35:00.510536+00:00,2026-06-12T11:35:44.334486+00:00,43.82395052909851,20000,,
98,preprocess_manifest,CSE-CIC-IDS2018,cse_cic_ids2018_random_control_sample,3,,,2026-06-12T11:35:44.334629+00:00,2026-06-12T11:35:46.492191+00:00,2.157562017440796,20000,,
99,split_construction,CSE-CIC-IDS2018,cse_cic_ids2018_random_control_sample,3,extra_trees,,2026-06-12T11:35:46.492379+00:00,2026-06-12T11:35:46.619827+00:00,0.12744736671447754,20000,,
100,preprocessing,CSE-CIC-IDS2018,cse_cic_ids2018_random_control_sample,3,extra_trees,,2026-06-12T11:35:46.619957+00:00,2026-06-12T11:35:48.987888+00:00,2.3679311275482178,20000,,
101,model_training,CSE-CIC-IDS2018,cse_cic_ids2018_random_control_sample,3,extra_trees,,2026-06-12T11:35:48.988080+00:00,2026-06-12T11:35:50.156186+00:00,1.1681053638458252,20000,,
102,clean_profile,CSE-CIC-IDS2018,cse_cic_ids2018_random_control_sample,3,extra_trees,,2026-06-12T11:35:50.156268+00:00,2026-06-12T11:35:50.389215+00:00,0.23294663429260254,20000,,
103,threat_evaluation,CSE-CIC-IDS2018,cse_cic_ids2018_random_control_sample,3,extra_trees,a0_clean,2026-06-12T11:35:50.410180+00:00,2026-06-12T11:35:50.489498+00:00,0.07931828498840332,6000,,
104,result_writing,CSE-CIC-IDS2018,cse_cic_ids2018_random_control_sample,3,extra_trees,a0_clean,2026-06-12T11:35:50.489664+00:00,2026-06-12T11:35:50.493004+00:00,0.0033402442932128906,1,results/raw/tier_e_random_control_hgb_mlp_timed_cse_cic_ids2018/CSE-CIC-IDS2018_cse_cic_ids2018_random_control_sample_extra_trees_a0_clean_3.csv,
105,split_construction,CSE-CIC-IDS2018,cse_cic_ids2018_random_control_sample,3,hist_gradient_boosting,,2026-06-12T11:35:50.493094+00:00,2026-06-12T11:35:50.615785+00:00,0.12269043922424316,20000,,
106,preprocessing,CSE-CIC-IDS2018,cse_cic_ids2018_random_control_sample,3,hist_gradient_boosting,,2026-06-12T11:35:50.615914+00:00,2026-06-12T11:35:52.989149+00:00,2.373234987258911,20000,,
107,model_training,CSE-CIC-IDS2018,cse_cic_ids2018_random_control_sample,3,hist_gradient_boosting,,2026-06-12T11:35:52.989310+00:00,2026-06-12T11:35:53.754745+00:00,0.7654356956481934,20000,,
108,clean_profile,CSE-CIC-IDS2018,cse_cic_ids2018_random_control_sample,3,hist_gradient_boosting,,2026-06-12T11:35:53.754827+00:00,2026-06-12T11:35:53.786309+00:00,0.03148245811462402,20000,,
109,threat_evaluation,CSE-CIC-IDS2018,cse_cic_ids2018_random_control_sample,3,hist_gradient_boosting,a0_clean,2026-06-12T11:35:53.807348+00:00,2026-06-12T11:35:53.821451+00:00,0.014102697372436523,6000,,
110,result_writing,CSE-CIC-IDS2018,cse_cic_ids2018_random_control_sample,3,hist_gradient_boosting,a0_clean,2026-06-12T11:35:53.821616+00:00,2026-06-12T11:35:53.825009+00:00,0.0033931732177734375,1,results/raw/tier_e_random_control_hgb_mlp_timed_cse_cic_ids2018/CSE-CIC-IDS2018_cse_cic_ids2018_random_control_sample_hist_gradient_boosting_a0_clean_3.csv,
111,split_construction,CSE-CIC-IDS2018,cse_cic_ids2018_random_control_sample,3,logistic_regression,,2026-06-12T11:35:53.825096+00:00,2026-06-12T11:35:53.947379+00:00,0.1222836971282959,20000,,
112,preprocessing,CSE-CIC-IDS2018,cse_cic_ids2018_random_control_sample,3,logistic_regression,,2026-06-12T11:35:53.947494+00:00,2026-06-12T11:35:56.297010+00:00,2.3495161533355713,20000,,
113,model_training,CSE-CIC-IDS2018,cse_cic_ids2018_random_control_sample,3,logistic_regression,,2026-06-12T11:35:56.297148+00:00,2026-06-12T11:36:10.775939+00:00,14.478790998458862,20000,,
114,clean_profile,CSE-CIC-IDS2018,cse_cic_ids2018_random_control_sample,3,logistic_regression,,2026-06-12T11:36:10.776011+00:00,2026-06-12T11:36:10.801195+00:00,0.02518439292907715,20000,,
115,threat_evaluation,CSE-CIC-IDS2018,cse_cic_ids2018_random_control_sample,3,logistic_regression,a0_clean,2026-06-12T11:36:10.822237+00:00,2026-06-12T11:36:10.832315+00:00,0.010077953338623047,6000,,
116,result_writing,CSE-CIC-IDS2018,cse_cic_ids2018_random_control_sample,3,logistic_regression,a0_clean,2026-06-12T11:36:10.832469+00:00,2026-06-12T11:36:10.835699+00:00,0.003229856491088867,1,results/raw/tier_e_random_control_hgb_mlp_timed_cse_cic_ids2018/CSE-CIC-IDS2018_cse_cic_ids2018_random_control_sample_logistic_regression_a0_clean_3.csv,
117,split_construction,CSE-CIC-IDS2018,cse_cic_ids2018_random_control_sample,3,mlp_sklearn,,2026-06-12T11:36:10.835815+00:00,2026-06-12T11:36:10.958531+00:00,0.12271547317504883,20000,,
118,preprocessing,CSE-CIC-IDS2018,cse_cic_ids2018_random_control_sample,3,mlp_sklearn,,2026-06-12T11:36:10.958654+00:00,2026-06-12T11:36:13.316638+00:00,2.3579840660095215,20000,,
119,model_training,CSE-CIC-IDS2018,cse_cic_ids2018_random_control_sample,3,mlp_sklearn,,2026-06-12T11:36:13.316799+00:00,2026-06-12T11:36:14.051681+00:00,0.7348816394805908,20000,,
120,clean_profile,CSE-CIC-IDS2018,cse_cic_ids2018_random_control_sample,3,mlp_sklearn,,2026-06-12T11:36:14.051788+00:00,2026-06-12T11:36:14.076677+00:00,0.024888992309570312,20000,,
121,threat_evaluation,CSE-CIC-IDS2018,cse_cic_ids2018_random_control_sample,3,mlp_sklearn,a0_clean,2026-06-12T11:36:14.097658+00:00,2026-06-12T11:36:14.110238+00:00,0.01257944107055664,6000,,
122,result_writing,CSE-CIC-IDS2018,cse_cic_ids2018_random_control_sample,3,mlp_sklearn,a0_clean,2026-06-12T11:36:14.110393+00:00,2026-06-12T11:36:14.113807+00:00,0.003414630889892578,1,results/raw/tier_e_random_control_hgb_mlp_timed_cse_cic_ids2018/CSE-CIC-IDS2018_cse_cic_ids2018_random_control_sample_mlp_sklearn_a0_clean_3.csv,
123,split_construction,CSE-CIC-IDS2018,cse_cic_ids2018_random_control_sample,3,random_forest,,2026-06-12T11:36:14.113899+00:00,2026-06-12T11:36:14.237598+00:00,0.12369966506958008,20000,,
124,preprocessing,CSE-CIC-IDS2018,cse_cic_ids2018_random_control_sample,3,random_forest,,2026-06-12T11:36:14.237723+00:00,2026-06-12T11:36:16.593974+00:00,2.3562510013580322,20000,,
125,model_training,CSE-CIC-IDS2018,cse_cic_ids2018_random_control_sample,3,random_forest,,2026-06-12T11:36:16.594162+00:00,2026-06-12T11:36:18.402852+00:00,1.8086907863616943,20000,,
126,clean_profile,CSE-CIC-IDS2018,cse_cic_ids2018_random_control_sample,3,random_forest,,2026-06-12T11:36:18.402933+00:00,2026-06-12T11:36:18.563096+00:00,0.16016316413879395,20000,,
127,threat_evaluation,CSE-CIC-IDS2018,cse_cic_ids2018_random_control_sample,3,random_forest,a0_clean,2026-06-12T11:36:18.583913+00:00,2026-06-12T11:36:18.639680+00:00,0.05576634407043457,6000,,
128,result_writing,CSE-CIC-IDS2018,cse_cic_ids2018_random_control_sample,3,random_forest,a0_clean,2026-06-12T11:36:18.639867+00:00,2026-06-12T11:36:18.643187+00:00,0.0033195018768310547,1,results/raw/tier_e_random_control_hgb_mlp_timed_cse_cic_ids2018/CSE-CIC-IDS2018_cse_cic_ids2018_random_control_sample_random_forest_a0_clean_3.csv,
129,dataset_load,CSE-CIC-IDS2018,cse_cic_ids2018_random_control_sample,4,,,2026-06-12T11:36:18.643230+00:00,2026-06-12T11:37:02.541638+00:00,43.89840793609619,19999,,
130,preprocess_manifest,CSE-CIC-IDS2018,cse_cic_ids2018_random_control_sample,4,,,2026-06-12T11:37:02.541857+00:00,2026-06-12T11:37:04.844918+00:00,2.3030614852905273,19999,,
131,split_construction,CSE-CIC-IDS2018,cse_cic_ids2018_random_control_sample,4,extra_trees,,2026-06-12T11:37:04.845101+00:00,2026-06-12T11:37:04.969731+00:00,0.12462997436523438,19999,,
132,preprocessing,CSE-CIC-IDS2018,cse_cic_ids2018_random_control_sample,4,extra_trees,,2026-06-12T11:37:04.969856+00:00,2026-06-12T11:37:07.501390+00:00,2.531534433364868,19999,,
133,model_training,CSE-CIC-IDS2018,cse_cic_ids2018_random_control_sample,4,extra_trees,,2026-06-12T11:37:07.501581+00:00,2026-06-12T11:37:08.656822+00:00,1.1552414894104004,19999,,
134,clean_profile,CSE-CIC-IDS2018,cse_cic_ids2018_random_control_sample,4,extra_trees,,2026-06-12T11:37:08.656907+00:00,2026-06-12T11:37:08.890026+00:00,0.23311901092529297,19999,,
135,threat_evaluation,CSE-CIC-IDS2018,cse_cic_ids2018_random_control_sample,4,extra_trees,a0_clean,2026-06-12T11:37:08.910867+00:00,2026-06-12T11:37:08.990113+00:00,0.07924604415893555,6000,,
136,result_writing,CSE-CIC-IDS2018,cse_cic_ids2018_random_control_sample,4,extra_trees,a0_clean,2026-06-12T11:37:08.990278+00:00,2026-06-12T11:37:08.993679+00:00,0.003401041030883789,1,results/raw/tier_e_random_control_hgb_mlp_timed_cse_cic_ids2018/CSE-CIC-IDS2018_cse_cic_ids2018_random_control_sample_extra_trees_a0_clean_4.csv,
137,split_construction,CSE-CIC-IDS2018,cse_cic_ids2018_random_control_sample,4,hist_gradient_boosting,,2026-06-12T11:37:08.993760+00:00,2026-06-12T11:37:09.118887+00:00,0.12512660026550293,19999,,
138,preprocessing,CSE-CIC-IDS2018,cse_cic_ids2018_random_control_sample,4,hist_gradient_boosting,,2026-06-12T11:37:09.118997+00:00,2026-06-12T11:37:11.654112+00:00,2.5351152420043945,19999,,
139,model_training,CSE-CIC-IDS2018,cse_cic_ids2018_random_control_sample,4,hist_gradient_boosting,,2026-06-12T11:37:11.654271+00:00,2026-06-12T11:37:12.379878+00:00,0.7256064414978027,19999,,
140,clean_profile,CSE-CIC-IDS2018,cse_cic_ids2018_random_control_sample,4,hist_gradient_boosting,,2026-06-12T11:37:12.379954+00:00,2026-06-12T11:37:12.414540+00:00,0.034586191177368164,19999,,
141,threat_evaluation,CSE-CIC-IDS2018,cse_cic_ids2018_random_control_sample,4,hist_gradient_boosting,a0_clean,2026-06-12T11:37:12.435862+00:00,2026-06-12T11:37:12.450297+00:00,0.014435052871704102,6000,,
142,result_writing,CSE-CIC-IDS2018,cse_cic_ids2018_random_control_sample,4,hist_gradient_boosting,a0_clean,2026-06-12T11:37:12.450456+00:00,2026-06-12T11:37:12.453831+00:00,0.0033752918243408203,1,results/raw/tier_e_random_control_hgb_mlp_timed_cse_cic_ids2018/CSE-CIC-IDS2018_cse_cic_ids2018_random_control_sample_hist_gradient_boosting_a0_clean_4.csv,
143,split_construction,CSE-CIC-IDS2018,cse_cic_ids2018_random_control_sample,4,logistic_regression,,2026-06-12T11:37:12.453919+00:00,2026-06-12T11:37:12.580554+00:00,0.12663531303405762,19999,,
144,preprocessing,CSE-CIC-IDS2018,cse_cic_ids2018_random_control_sample,4,logistic_regression,,2026-06-12T11:37:12.580681+00:00,2026-06-12T11:37:15.111654+00:00,2.5309722423553467,19999,,
145,model_training,CSE-CIC-IDS2018,cse_cic_ids2018_random_control_sample,4,logistic_regression,,2026-06-12T11:37:15.111825+00:00,2026-06-12T11:37:27.956340+00:00,12.844515800476074,19999,,
146,clean_profile,CSE-CIC-IDS2018,cse_cic_ids2018_random_control_sample,4,logistic_regression,,2026-06-12T11:37:27.956408+00:00,2026-06-12T11:37:27.976047+00:00,0.019638538360595703,19999,,
147,threat_evaluation,CSE-CIC-IDS2018,cse_cic_ids2018_random_control_sample,4,logistic_regression,a0_clean,2026-06-12T11:37:27.997395+00:00,2026-06-12T11:37:28.007358+00:00,0.009963512420654297,6000,,
148,result_writing,CSE-CIC-IDS2018,cse_cic_ids2018_random_control_sample,4,logistic_regression,a0_clean,2026-06-12T11:37:28.007518+00:00,2026-06-12T11:37:28.010773+00:00,0.0032548904418945312,1,results/raw/tier_e_random_control_hgb_mlp_timed_cse_cic_ids2018/CSE-CIC-IDS2018_cse_cic_ids2018_random_control_sample_logistic_regression_a0_clean_4.csv,
149,split_construction,CSE-CIC-IDS2018,cse_cic_ids2018_random_control_sample,4,mlp_sklearn,,2026-06-12T11:37:28.010862+00:00,2026-06-12T11:37:28.138699+00:00,0.1278364658355713,19999,,
150,preprocessing,CSE-CIC-IDS2018,cse_cic_ids2018_random_control_sample,4,mlp_sklearn,,2026-06-12T11:37:28.138848+00:00,2026-06-12T11:37:30.671594+00:00,2.532745838165283,19999,,
151,model_training,CSE-CIC-IDS2018,cse_cic_ids2018_random_control_sample,4,mlp_sklearn,,2026-06-12T11:37:30.671789+00:00,2026-06-12T11:37:31.515387+00:00,0.8435981273651123,19999,,
152,clean_profile,CSE-CIC-IDS2018,cse_cic_ids2018_random_control_sample,4,mlp_sklearn,,2026-06-12T11:37:31.515463+00:00,2026-06-12T11:37:31.540112+00:00,0.02464914321899414,19999,,
153,threat_evaluation,CSE-CIC-IDS2018,cse_cic_ids2018_random_control_sample,4,mlp_sklearn,a0_clean,2026-06-12T11:37:31.561076+00:00,2026-06-12T11:37:31.573771+00:00,0.0126953125,6000,,
154,result_writing,CSE-CIC-IDS2018,cse_cic_ids2018_random_control_sample,4,mlp_sklearn,a0_clean,2026-06-12T11:37:31.573936+00:00,2026-06-12T11:37:31.577417+00:00,0.0034813880920410156,1,results/raw/tier_e_random_control_hgb_mlp_timed_cse_cic_ids2018/CSE-CIC-IDS2018_cse_cic_ids2018_random_control_sample_mlp_sklearn_a0_clean_4.csv,
155,split_construction,CSE-CIC-IDS2018,cse_cic_ids2018_random_control_sample,4,random_forest,,2026-06-12T11:37:31.577509+00:00,2026-06-12T11:37:31.701312+00:00,0.12380290031433105,19999,,
156,preprocessing,CSE-CIC-IDS2018,cse_cic_ids2018_random_control_sample,4,random_forest,,2026-06-12T11:37:31.701443+00:00,2026-06-12T11:37:34.231427+00:00,2.5299835205078125,19999,,
157,model_training,CSE-CIC-IDS2018,cse_cic_ids2018_random_control_sample,4,random_forest,,2026-06-12T11:37:34.231616+00:00,2026-06-12T11:37:36.065150+00:00,1.8335347175598145,19999,,
158,clean_profile,CSE-CIC-IDS2018,cse_cic_ids2018_random_control_sample,4,random_forest,,2026-06-12T11:37:36.065233+00:00,2026-06-12T11:37:36.222987+00:00,0.15775442123413086,19999,,
159,threat_evaluation,CSE-CIC-IDS2018,cse_cic_ids2018_random_control_sample,4,random_forest,a0_clean,2026-06-12T11:37:36.244089+00:00,2026-06-12T11:37:36.299008+00:00,0.054918766021728516,6000,,
160,result_writing,CSE-CIC-IDS2018,cse_cic_ids2018_random_control_sample,4,random_forest,a0_clean,2026-06-12T11:37:36.299180+00:00,2026-06-12T11:37:36.302529+00:00,0.0033485889434814453,1,results/raw/tier_e_random_control_hgb_mlp_timed_cse_cic_ids2018/CSE-CIC-IDS2018_cse_cic_ids2018_random_control_sample_random_forest_a0_clean_4.csv,
161,dataset_load,CSE-CIC-IDS2018,cse_cic_ids2018_random_control_sample,5,,,2026-06-12T11:37:36.302569+00:00,2026-06-12T11:38:20.452904+00:00,44.15033555030823,20000,,
162,preprocess_manifest,CSE-CIC-IDS2018,cse_cic_ids2018_random_control_sample,5,,,2026-06-12T11:38:20.453030+00:00,2026-06-12T11:38:22.834583+00:00,2.3815526962280273,20000,,
163,split_construction,CSE-CIC-IDS2018,cse_cic_ids2018_random_control_sample,5,extra_trees,,2026-06-12T11:38:22.834776+00:00,2026-06-12T11:38:22.956932+00:00,0.12215614318847656,20000,,
164,preprocessing,CSE-CIC-IDS2018,cse_cic_ids2018_random_control_sample,5,extra_trees,,2026-06-12T11:38:22.957068+00:00,2026-06-12T11:38:25.551584+00:00,2.594515323638916,20000,,
165,model_training,CSE-CIC-IDS2018,cse_cic_ids2018_random_control_sample,5,extra_trees,,2026-06-12T11:38:25.551796+00:00,2026-06-12T11:38:26.701257+00:00,1.149461269378662,20000,,
166,clean_profile,CSE-CIC-IDS2018,cse_cic_ids2018_random_control_sample,5,extra_trees,,2026-06-12T11:38:26.701339+00:00,2026-06-12T11:38:26.929945+00:00,0.2286057472229004,20000,,
167,threat_evaluation,CSE-CIC-IDS2018,cse_cic_ids2018_random_control_sample,5,extra_trees,a0_clean,2026-06-12T11:38:26.950762+00:00,2026-06-12T11:38:27.029570+00:00,0.07880830764770508,6000,,
168,result_writing,CSE-CIC-IDS2018,cse_cic_ids2018_random_control_sample,5,extra_trees,a0_clean,2026-06-12T11:38:27.029735+00:00,2026-06-12T11:38:27.033060+00:00,0.0033249855041503906,1,results/raw/tier_e_random_control_hgb_mlp_timed_cse_cic_ids2018/CSE-CIC-IDS2018_cse_cic_ids2018_random_control_sample_extra_trees_a0_clean_5.csv,
169,split_construction,CSE-CIC-IDS2018,cse_cic_ids2018_random_control_sample,5,hist_gradient_boosting,,2026-06-12T11:38:27.033144+00:00,2026-06-12T11:38:27.155043+00:00,0.12189960479736328,20000,,
170,preprocessing,CSE-CIC-IDS2018,cse_cic_ids2018_random_control_sample,5,hist_gradient_boosting,,2026-06-12T11:38:27.155159+00:00,2026-06-12T11:38:29.753105+00:00,2.5979461669921875,20000,,
171,model_training,CSE-CIC-IDS2018,cse_cic_ids2018_random_control_sample,5,hist_gradient_boosting,,2026-06-12T11:38:29.753270+00:00,2026-06-12T11:38:30.503852+00:00,0.7505826950073242,20000,,
172,clean_profile,CSE-CIC-IDS2018,cse_cic_ids2018_random_control_sample,5,hist_gradient_boosting,,2026-06-12T11:38:30.503933+00:00,2026-06-12T11:38:30.537935+00:00,0.03400230407714844,20000,,
173,threat_evaluation,CSE-CIC-IDS2018,cse_cic_ids2018_random_control_sample,5,hist_gradient_boosting,a0_clean,2026-06-12T11:38:30.558874+00:00,2026-06-12T11:38:30.574638+00:00,0.015764236450195312,6000,,
174,result_writing,CSE-CIC-IDS2018,cse_cic_ids2018_random_control_sample,5,hist_gradient_boosting,a0_clean,2026-06-12T11:38:30.574805+00:00,2026-06-12T11:38:30.578170+00:00,0.0033655166625976562,1,results/raw/tier_e_random_control_hgb_mlp_timed_cse_cic_ids2018/CSE-CIC-IDS2018_cse_cic_ids2018_random_control_sample_hist_gradient_boosting_a0_clean_5.csv,
175,split_construction,CSE-CIC-IDS2018,cse_cic_ids2018_random_control_sample,5,logistic_regression,,2026-06-12T11:38:30.578257+00:00,2026-06-12T11:38:30.701161+00:00,0.12290430068969727,20000,,
176,preprocessing,CSE-CIC-IDS2018,cse_cic_ids2018_random_control_sample,5,logistic_regression,,2026-06-12T11:38:30.701290+00:00,2026-06-12T11:38:33.300371+00:00,2.599081516265869,20000,,
177,model_training,CSE-CIC-IDS2018,cse_cic_ids2018_random_control_sample,5,logistic_regression,,2026-06-12T11:38:33.300514+00:00,2026-06-12T11:38:48.340385+00:00,15.039870977401733,20000,,
178,clean_profile,CSE-CIC-IDS2018,cse_cic_ids2018_random_control_sample,5,logistic_regression,,2026-06-12T11:38:48.340453+00:00,2026-06-12T11:38:48.356866+00:00,0.016413211822509766,20000,,
179,threat_evaluation,CSE-CIC-IDS2018,cse_cic_ids2018_random_control_sample,5,logistic_regression,a0_clean,2026-06-12T11:38:48.378078+00:00,2026-06-12T11:38:48.387962+00:00,0.00988316535949707,6000,,
180,result_writing,CSE-CIC-IDS2018,cse_cic_ids2018_random_control_sample,5,logistic_regression,a0_clean,2026-06-12T11:38:48.388125+00:00,2026-06-12T11:38:48.427595+00:00,0.039470672607421875,1,results/raw/tier_e_random_control_hgb_mlp_timed_cse_cic_ids2018/CSE-CIC-IDS2018_cse_cic_ids2018_random_control_sample_logistic_regression_a0_clean_5.csv,
181,split_construction,CSE-CIC-IDS2018,cse_cic_ids2018_random_control_sample,5,mlp_sklearn,,2026-06-12T11:38:48.427692+00:00,2026-06-12T11:38:48.554883+00:00,0.12719011306762695,20000,,
182,preprocessing,CSE-CIC-IDS2018,cse_cic_ids2018_random_control_sample,5,mlp_sklearn,,2026-06-12T11:38:48.555007+00:00,2026-06-12T11:38:51.154936+00:00,2.5999293327331543,20000,,
183,model_training,CSE-CIC-IDS2018,cse_cic_ids2018_random_control_sample,5,mlp_sklearn,,2026-06-12T11:38:51.155106+00:00,2026-06-12T11:38:51.820439+00:00,0.6653332710266113,20000,,
184,clean_profile,CSE-CIC-IDS2018,cse_cic_ids2018_random_control_sample,5,mlp_sklearn,,2026-06-12T11:38:51.820514+00:00,2026-06-12T11:38:51.844829+00:00,0.02431464195251465,20000,,
185,threat_evaluation,CSE-CIC-IDS2018,cse_cic_ids2018_random_control_sample,5,mlp_sklearn,a0_clean,2026-06-12T11:38:51.865806+00:00,2026-06-12T11:38:51.878332+00:00,0.012525558471679688,6000,,
186,result_writing,CSE-CIC-IDS2018,cse_cic_ids2018_random_control_sample,5,mlp_sklearn,a0_clean,2026-06-12T11:38:51.878491+00:00,2026-06-12T11:38:51.881903+00:00,0.003412008285522461,1,results/raw/tier_e_random_control_hgb_mlp_timed_cse_cic_ids2018/CSE-CIC-IDS2018_cse_cic_ids2018_random_control_sample_mlp_sklearn_a0_clean_5.csv,
187,split_construction,CSE-CIC-IDS2018,cse_cic_ids2018_random_control_sample,5,random_forest,,2026-06-12T11:38:51.881995+00:00,2026-06-12T11:38:52.006877+00:00,0.12488269805908203,20000,,
188,preprocessing,CSE-CIC-IDS2018,cse_cic_ids2018_random_control_sample,5,random_forest,,2026-06-12T11:38:52.007008+00:00,2026-06-12T11:38:54.606547+00:00,2.5995397567749023,20000,,
189,model_training,CSE-CIC-IDS2018,cse_cic_ids2018_random_control_sample,5,random_forest,,2026-06-12T11:38:54.606736+00:00,2026-06-12T11:38:56.394535+00:00,1.7877991199493408,20000,,
190,clean_profile,CSE-CIC-IDS2018,cse_cic_ids2018_random_control_sample,5,random_forest,,2026-06-12T11:38:56.394617+00:00,2026-06-12T11:38:56.550452+00:00,0.15583586692810059,20000,,
191,threat_evaluation,CSE-CIC-IDS2018,cse_cic_ids2018_random_control_sample,5,random_forest,a0_clean,2026-06-12T11:38:56.571384+00:00,2026-06-12T11:38:56.625559+00:00,0.05417513847351074,6000,,
192,result_writing,CSE-CIC-IDS2018,cse_cic_ids2018_random_control_sample,5,random_forest,a0_clean,2026-06-12T11:38:56.625727+00:00,2026-06-12T11:38:56.629047+00:00,0.0033202171325683594,1,results/raw/tier_e_random_control_hgb_mlp_timed_cse_cic_ids2018/CSE-CIC-IDS2018_cse_cic_ids2018_random_control_sample_random_forest_a0_clean_5.csv,
193,dataset_load,CSE-CIC-IDS2018,cse_cic_ids2018_random_control_sample,6,,,2026-06-12T11:38:56.629091+00:00,2026-06-12T11:39:40.700578+00:00,44.071486711502075,20000,,
194,preprocess_manifest,CSE-CIC-IDS2018,cse_cic_ids2018_random_control_sample,6,,,2026-06-12T11:39:40.700720+00:00,2026-06-12T11:39:43.078524+00:00,2.3778042793273926,20000,,
195,split_construction,CSE-CIC-IDS2018,cse_cic_ids2018_random_control_sample,6,extra_trees,,2026-06-12T11:39:43.078713+00:00,2026-06-12T11:39:43.201393+00:00,0.1226801872253418,20000,,
196,preprocessing,CSE-CIC-IDS2018,cse_cic_ids2018_random_control_sample,6,extra_trees,,2026-06-12T11:39:43.201543+00:00,2026-06-12T11:39:45.855617+00:00,2.65407395362854,20000,,
197,model_training,CSE-CIC-IDS2018,cse_cic_ids2018_random_control_sample,6,extra_trees,,2026-06-12T11:39:45.855839+00:00,2026-06-12T11:39:47.014093+00:00,1.1582536697387695,20000,,
198,clean_profile,CSE-CIC-IDS2018,cse_cic_ids2018_random_control_sample,6,extra_trees,,2026-06-12T11:39:47.014173+00:00,2026-06-12T11:39:47.250564+00:00,0.23639178276062012,20000,,
199,threat_evaluation,CSE-CIC-IDS2018,cse_cic_ids2018_random_control_sample,6,extra_trees,a0_clean,2026-06-12T11:39:47.271495+00:00,2026-06-12T11:39:47.352907+00:00,0.08141255378723145,6000,,
200,result_writing,CSE-CIC-IDS2018,cse_cic_ids2018_random_control_sample,6,extra_trees,a0_clean,2026-06-12T11:39:47.353065+00:00,2026-06-12T11:39:47.356417+00:00,0.0033512115478515625,1,results/raw/tier_e_random_control_hgb_mlp_timed_cse_cic_ids2018/CSE-CIC-IDS2018_cse_cic_ids2018_random_control_sample_extra_trees_a0_clean_6.csv,
201,split_construction,CSE-CIC-IDS2018,cse_cic_ids2018_random_control_sample,6,hist_gradient_boosting,,2026-06-12T11:39:47.356506+00:00,2026-06-12T11:39:47.481070+00:00,0.12456321716308594,20000,,
202,preprocessing,CSE-CIC-IDS2018,cse_cic_ids2018_random_control_sample,6,hist_gradient_boosting,,2026-06-12T11:39:47.481208+00:00,2026-06-12T11:39:50.054312+00:00,2.573103427886963,20000,,
203,model_training,CSE-CIC-IDS2018,cse_cic_ids2018_random_control_sample,6,hist_gradient_boosting,,2026-06-12T11:39:50.054476+00:00,2026-06-12T11:39:50.702232+00:00,0.6477556228637695,20000,,
204,clean_profile,CSE-CIC-IDS2018,cse_cic_ids2018_random_control_sample,6,hist_gradient_boosting,,2026-06-12T11:39:50.702314+00:00,2026-06-12T11:39:50.732983+00:00,0.030669212341308594,20000,,
205,threat_evaluation,CSE-CIC-IDS2018,cse_cic_ids2018_random_control_sample,6,hist_gradient_boosting,a0_clean,2026-06-12T11:39:50.754110+00:00,2026-06-12T11:39:50.767717+00:00,0.013607263565063477,6000,,
206,result_writing,CSE-CIC-IDS2018,cse_cic_ids2018_random_control_sample,6,hist_gradient_boosting,a0_clean,2026-06-12T11:39:50.767900+00:00,2026-06-12T11:39:50.771415+00:00,0.003515005111694336,1,results/raw/tier_e_random_control_hgb_mlp_timed_cse_cic_ids2018/CSE-CIC-IDS2018_cse_cic_ids2018_random_control_sample_hist_gradient_boosting_a0_clean_6.csv,
207,split_construction,CSE-CIC-IDS2018,cse_cic_ids2018_random_control_sample,6,logistic_regression,,2026-06-12T11:39:50.771504+00:00,2026-06-12T11:39:50.898511+00:00,0.12700629234313965,20000,,
208,preprocessing,CSE-CIC-IDS2018,cse_cic_ids2018_random_control_sample,6,logistic_regression,,2026-06-12T11:39:50.898639+00:00,2026-06-12T11:39:53.468856+00:00,2.5702168941497803,20000,,
209,model_training,CSE-CIC-IDS2018,cse_cic_ids2018_random_control_sample,6,logistic_regression,,2026-06-12T11:39:53.468998+00:00,2026-06-12T11:40:09.479835+00:00,16.010836601257324,20000,,
210,clean_profile,CSE-CIC-IDS2018,cse_cic_ids2018_random_control_sample,6,logistic_regression,,2026-06-12T11:40:09.479900+00:00,2026-06-12T11:40:09.496445+00:00,0.01654505729675293,20000,,
211,threat_evaluation,CSE-CIC-IDS2018,cse_cic_ids2018_random_control_sample,6,logistic_regression,a0_clean,2026-06-12T11:40:09.517670+00:00,2026-06-12T11:40:09.527872+00:00,0.010202169418334961,6000,,
212,result_writing,CSE-CIC-IDS2018,cse_cic_ids2018_random_control_sample,6,logistic_regression,a0_clean,2026-06-12T11:40:09.528037+00:00,2026-06-12T11:40:09.531345+00:00,0.003307819366455078,1,results/raw/tier_e_random_control_hgb_mlp_timed_cse_cic_ids2018/CSE-CIC-IDS2018_cse_cic_ids2018_random_control_sample_logistic_regression_a0_clean_6.csv,
213,split_construction,CSE-CIC-IDS2018,cse_cic_ids2018_random_control_sample,6,mlp_sklearn,,2026-06-12T11:40:09.531434+00:00,2026-06-12T11:40:09.658443+00:00,0.12700891494750977,20000,,
214,preprocessing,CSE-CIC-IDS2018,cse_cic_ids2018_random_control_sample,6,mlp_sklearn,,2026-06-12T11:40:09.658577+00:00,2026-06-12T11:40:12.239087+00:00,2.580509662628174,20000,,
215,model_training,CSE-CIC-IDS2018,cse_cic_ids2018_random_control_sample,6,mlp_sklearn,,2026-06-12T11:40:12.239260+00:00,2026-06-12T11:40:13.446297+00:00,1.2070369720458984,20000,,
216,clean_profile,CSE-CIC-IDS2018,cse_cic_ids2018_random_control_sample,6,mlp_sklearn,,2026-06-12T11:40:13.446372+00:00,2026-06-12T11:40:13.470388+00:00,0.024016141891479492,20000,,
217,threat_evaluation,CSE-CIC-IDS2018,cse_cic_ids2018_random_control_sample,6,mlp_sklearn,a0_clean,2026-06-12T11:40:13.491473+00:00,2026-06-12T11:40:13.504132+00:00,0.012659311294555664,6000,,
218,result_writing,CSE-CIC-IDS2018,cse_cic_ids2018_random_control_sample,6,mlp_sklearn,a0_clean,2026-06-12T11:40:13.504297+00:00,2026-06-12T11:40:13.507717+00:00,0.0034208297729492188,1,results/raw/tier_e_random_control_hgb_mlp_timed_cse_cic_ids2018/CSE-CIC-IDS2018_cse_cic_ids2018_random_control_sample_mlp_sklearn_a0_clean_6.csv,
219,split_construction,CSE-CIC-IDS2018,cse_cic_ids2018_random_control_sample,6,random_forest,,2026-06-12T11:40:13.507858+00:00,2026-06-12T11:40:13.633166+00:00,0.12530779838562012,20000,,
220,preprocessing,CSE-CIC-IDS2018,cse_cic_ids2018_random_control_sample,6,random_forest,,2026-06-12T11:40:13.633313+00:00,2026-06-12T11:40:16.210168+00:00,2.576854944229126,20000,,
221,model_training,CSE-CIC-IDS2018,cse_cic_ids2018_random_control_sample,6,random_forest,,2026-06-12T11:40:16.210361+00:00,2026-06-12T11:40:17.999642+00:00,1.789280891418457,20000,,
222,clean_profile,CSE-CIC-IDS2018,cse_cic_ids2018_random_control_sample,6,random_forest,,2026-06-12T11:40:17.999723+00:00,2026-06-12T11:40:18.156835+00:00,0.15711140632629395,20000,,
223,threat_evaluation,CSE-CIC-IDS2018,cse_cic_ids2018_random_control_sample,6,random_forest,a0_clean,2026-06-12T11:40:18.177748+00:00,2026-06-12T11:40:18.232815+00:00,0.05506730079650879,6000,,
224,result_writing,CSE-CIC-IDS2018,cse_cic_ids2018_random_control_sample,6,random_forest,a0_clean,2026-06-12T11:40:18.232974+00:00,2026-06-12T11:40:18.236369+00:00,0.003395557403564453,1,results/raw/tier_e_random_control_hgb_mlp_timed_cse_cic_ids2018/CSE-CIC-IDS2018_cse_cic_ids2018_random_control_sample_random_forest_a0_clean_6.csv,
225,dataset_load,CSE-CIC-IDS2018,cse_cic_ids2018_random_control_sample,7,,,2026-06-12T11:40:18.236412+00:00,2026-06-12T11:41:02.637970+00:00,44.40155816078186,19999,,
226,preprocess_manifest,CSE-CIC-IDS2018,cse_cic_ids2018_random_control_sample,7,,,2026-06-12T11:41:02.638116+00:00,2026-06-12T11:41:04.794315+00:00,2.1561989784240723,19999,,
227,split_construction,CSE-CIC-IDS2018,cse_cic_ids2018_random_control_sample,7,extra_trees,,2026-06-12T11:41:04.794507+00:00,2026-06-12T11:41:04.917867+00:00,0.12335968017578125,19999,,
228,preprocessing,CSE-CIC-IDS2018,cse_cic_ids2018_random_control_sample,7,extra_trees,,2026-06-12T11:41:04.918011+00:00,2026-06-12T11:41:07.296419+00:00,2.378408670425415,19999,,
229,model_training,CSE-CIC-IDS2018,cse_cic_ids2018_random_control_sample,7,extra_trees,,2026-06-12T11:41:07.296609+00:00,2026-06-12T11:41:08.448568+00:00,1.15195894241333,19999,,
230,clean_profile,CSE-CIC-IDS2018,cse_cic_ids2018_random_control_sample,7,extra_trees,,2026-06-12T11:41:08.448647+00:00,2026-06-12T11:41:08.669193+00:00,0.22054529190063477,19999,,
231,threat_evaluation,CSE-CIC-IDS2018,cse_cic_ids2018_random_control_sample,7,extra_trees,a0_clean,2026-06-12T11:41:08.690152+00:00,2026-06-12T11:41:08.765595+00:00,0.07544279098510742,6000,,
232,result_writing,CSE-CIC-IDS2018,cse_cic_ids2018_random_control_sample,7,extra_trees,a0_clean,2026-06-12T11:41:08.765754+00:00,2026-06-12T11:41:08.769085+00:00,0.0033316612243652344,1,results/raw/tier_e_random_control_hgb_mlp_timed_cse_cic_ids2018/CSE-CIC-IDS2018_cse_cic_ids2018_random_control_sample_extra_trees_a0_clean_7.csv,
233,split_construction,CSE-CIC-IDS2018,cse_cic_ids2018_random_control_sample,7,hist_gradient_boosting,,2026-06-12T11:41:08.769171+00:00,2026-06-12T11:41:08.895679+00:00,0.12650728225708008,19999,,
234,preprocessing,CSE-CIC-IDS2018,cse_cic_ids2018_random_control_sample,7,hist_gradient_boosting,,2026-06-12T11:41:08.895839+00:00,2026-06-12T11:41:11.273770+00:00,2.3779313564300537,19999,,
235,model_training,CSE-CIC-IDS2018,cse_cic_ids2018_random_control_sample,7,hist_gradient_boosting,,2026-06-12T11:41:11.273931+00:00,2026-06-12T11:41:11.898186+00:00,0.6242554187774658,19999,,
236,clean_profile,CSE-CIC-IDS2018,cse_cic_ids2018_random_control_sample,7,hist_gradient_boosting,,2026-06-12T11:41:11.898267+00:00,2026-06-12T11:41:11.929291+00:00,0.031023502349853516,19999,,
237,threat_evaluation,CSE-CIC-IDS2018,cse_cic_ids2018_random_control_sample,7,hist_gradient_boosting,a0_clean,2026-06-12T11:41:11.950533+00:00,2026-06-12T11:41:11.964395+00:00,0.013861656188964844,6000,,
238,result_writing,CSE-CIC-IDS2018,cse_cic_ids2018_random_control_sample,7,hist_gradient_boosting,a0_clean,2026-06-12T11:41:11.964556+00:00,2026-06-12T11:41:11.967907+00:00,0.003351449966430664,1,results/raw/tier_e_random_control_hgb_mlp_timed_cse_cic_ids2018/CSE-CIC-IDS2018_cse_cic_ids2018_random_control_sample_hist_gradient_boosting_a0_clean_7.csv,
239,split_construction,CSE-CIC-IDS2018,cse_cic_ids2018_random_control_sample,7,logistic_regression,,2026-06-12T11:41:11.967995+00:00,2026-06-12T11:41:12.091594+00:00,0.12359952926635742,19999,,
240,preprocessing,CSE-CIC-IDS2018,cse_cic_ids2018_random_control_sample,7,logistic_regression,,2026-06-12T11:41:12.091726+00:00,2026-06-12T11:41:14.468982+00:00,2.3772566318511963,19999,,
241,model_training,CSE-CIC-IDS2018,cse_cic_ids2018_random_control_sample,7,logistic_regression,,2026-06-12T11:41:14.469122+00:00,2026-06-12T11:41:28.355479+00:00,13.886356830596924,19999,,
242,clean_profile,CSE-CIC-IDS2018,cse_cic_ids2018_random_control_sample,7,logistic_regression,,2026-06-12T11:41:28.355549+00:00,2026-06-12T11:41:28.371667+00:00,0.01611781120300293,19999,,
243,threat_evaluation,CSE-CIC-IDS2018,cse_cic_ids2018_random_control_sample,7,logistic_regression,a0_clean,2026-06-12T11:41:28.392844+00:00,2026-06-12T11:41:28.402836+00:00,0.009992122650146484,6000,,
244,result_writing,CSE-CIC-IDS2018,cse_cic_ids2018_random_control_sample,7,logistic_regression,a0_clean,2026-06-12T11:41:28.402995+00:00,2026-06-12T11:41:28.406232+00:00,0.003236532211303711,1,results/raw/tier_e_random_control_hgb_mlp_timed_cse_cic_ids2018/CSE-CIC-IDS2018_cse_cic_ids2018_random_control_sample_logistic_regression_a0_clean_7.csv,
245,split_construction,CSE-CIC-IDS2018,cse_cic_ids2018_random_control_sample,7,mlp_sklearn,,2026-06-12T11:41:28.406315+00:00,2026-06-12T11:41:28.531393+00:00,0.1250779628753662,19999,,
246,preprocessing,CSE-CIC-IDS2018,cse_cic_ids2018_random_control_sample,7,mlp_sklearn,,2026-06-12T11:41:28.531527+00:00,2026-06-12T11:41:30.918650+00:00,2.3871231079101562,19999,,
247,model_training,CSE-CIC-IDS2018,cse_cic_ids2018_random_control_sample,7,mlp_sklearn,,2026-06-12T11:41:30.918815+00:00,2026-06-12T11:41:31.769228+00:00,0.8504135608673096,19999,,
248,clean_profile,CSE-CIC-IDS2018,cse_cic_ids2018_random_control_sample,7,mlp_sklearn,,2026-06-12T11:41:31.769304+00:00,2026-06-12T11:41:31.793321+00:00,0.024017333984375,19999,,
249,threat_evaluation,CSE-CIC-IDS2018,cse_cic_ids2018_random_control_sample,7,mlp_sklearn,a0_clean,2026-06-12T11:41:31.814346+00:00,2026-06-12T11:41:31.826796+00:00,0.012449502944946289,6000,,
250,result_writing,CSE-CIC-IDS2018,cse_cic_ids2018_random_control_sample,7,mlp_sklearn,a0_clean,2026-06-12T11:41:31.826959+00:00,2026-06-12T11:41:31.830360+00:00,0.003401517868041992,1,results/raw/tier_e_random_control_hgb_mlp_timed_cse_cic_ids2018/CSE-CIC-IDS2018_cse_cic_ids2018_random_control_sample_mlp_sklearn_a0_clean_7.csv,
251,split_construction,CSE-CIC-IDS2018,cse_cic_ids2018_random_control_sample,7,random_forest,,2026-06-12T11:41:31.830449+00:00,2026-06-12T11:41:31.953755+00:00,0.1233065128326416,19999,,
252,preprocessing,CSE-CIC-IDS2018,cse_cic_ids2018_random_control_sample,7,random_forest,,2026-06-12T11:41:31.953896+00:00,2026-06-12T11:41:34.333770+00:00,2.3798744678497314,19999,,
253,model_training,CSE-CIC-IDS2018,cse_cic_ids2018_random_control_sample,7,random_forest,,2026-06-12T11:41:34.333953+00:00,2026-06-12T11:41:36.097187+00:00,1.7632336616516113,19999,,
254,clean_profile,CSE-CIC-IDS2018,cse_cic_ids2018_random_control_sample,7,random_forest,,2026-06-12T11:41:36.097270+00:00,2026-06-12T11:41:36.249057+00:00,0.15178751945495605,19999,,
255,threat_evaluation,CSE-CIC-IDS2018,cse_cic_ids2018_random_control_sample,7,random_forest,a0_clean,2026-06-12T11:41:36.270084+00:00,2026-06-12T11:41:36.323015+00:00,0.05293154716491699,6000,,
256,result_writing,CSE-CIC-IDS2018,cse_cic_ids2018_random_control_sample,7,random_forest,a0_clean,2026-06-12T11:41:36.323181+00:00,2026-06-12T11:41:36.326516+00:00,0.003334522247314453,1,results/raw/tier_e_random_control_hgb_mlp_timed_cse_cic_ids2018/CSE-CIC-IDS2018_cse_cic_ids2018_random_control_sample_random_forest_a0_clean_7.csv,
257,dataset_load,CSE-CIC-IDS2018,cse_cic_ids2018_random_control_sample,8,,,2026-06-12T11:41:36.326559+00:00,2026-06-12T11:42:20.753153+00:00,44.426593542099,19997,,
258,preprocess_manifest,CSE-CIC-IDS2018,cse_cic_ids2018_random_control_sample,8,,,2026-06-12T11:42:20.753303+00:00,2026-06-12T11:42:23.140832+00:00,2.387529134750366,19997,,
259,split_construction,CSE-CIC-IDS2018,cse_cic_ids2018_random_control_sample,8,extra_trees,,2026-06-12T11:42:23.141030+00:00,2026-06-12T11:42:23.268121+00:00,0.1270914077758789,19997,,
260,preprocessing,CSE-CIC-IDS2018,cse_cic_ids2018_random_control_sample,8,extra_trees,,2026-06-12T11:42:23.268263+00:00,2026-06-12T11:42:25.880115+00:00,2.6118526458740234,19997,,
261,model_training,CSE-CIC-IDS2018,cse_cic_ids2018_random_control_sample,8,extra_trees,,2026-06-12T11:42:25.880306+00:00,2026-06-12T11:42:27.029323+00:00,1.1490166187286377,19997,,
262,clean_profile,CSE-CIC-IDS2018,cse_cic_ids2018_random_control_sample,8,extra_trees,,2026-06-12T11:42:27.029408+00:00,2026-06-12T11:42:27.253970+00:00,0.22456145286560059,19997,,
263,threat_evaluation,CSE-CIC-IDS2018,cse_cic_ids2018_random_control_sample,8,extra_trees,a0_clean,2026-06-12T11:42:27.275003+00:00,2026-06-12T11:42:27.351980+00:00,0.07697629928588867,6000,,
264,result_writing,CSE-CIC-IDS2018,cse_cic_ids2018_random_control_sample,8,extra_trees,a0_clean,2026-06-12T11:42:27.352143+00:00,2026-06-12T11:42:27.355464+00:00,0.0033211708068847656,1,results/raw/tier_e_random_control_hgb_mlp_timed_cse_cic_ids2018/CSE-CIC-IDS2018_cse_cic_ids2018_random_control_sample_extra_trees_a0_clean_8.csv,
265,split_construction,CSE-CIC-IDS2018,cse_cic_ids2018_random_control_sample,8,hist_gradient_boosting,,2026-06-12T11:42:27.355553+00:00,2026-06-12T11:42:27.482998+00:00,0.12744569778442383,19997,,
266,preprocessing,CSE-CIC-IDS2018,cse_cic_ids2018_random_control_sample,8,hist_gradient_boosting,,2026-06-12T11:42:27.483132+00:00,2026-06-12T11:42:30.096145+00:00,2.6130130290985107,19997,,
267,model_training,CSE-CIC-IDS2018,cse_cic_ids2018_random_control_sample,8,hist_gradient_boosting,,2026-06-12T11:42:30.096308+00:00,2026-06-12T11:42:30.725947+00:00,0.6296389102935791,19997,,
268,clean_profile,CSE-CIC-IDS2018,cse_cic_ids2018_random_control_sample,8,hist_gradient_boosting,,2026-06-12T11:42:30.726023+00:00,2026-06-12T11:42:30.756797+00:00,0.030773639678955078,19997,,
269,threat_evaluation,CSE-CIC-IDS2018,cse_cic_ids2018_random_control_sample,8,hist_gradient_boosting,a0_clean,2026-06-12T11:42:30.777941+00:00,2026-06-12T11:42:30.792885+00:00,0.014943838119506836,6000,,
270,result_writing,CSE-CIC-IDS2018,cse_cic_ids2018_random_control_sample,8,hist_gradient_boosting,a0_clean,2026-06-12T11:42:30.793050+00:00,2026-06-12T11:42:30.796343+00:00,0.0032930374145507812,1,results/raw/tier_e_random_control_hgb_mlp_timed_cse_cic_ids2018/CSE-CIC-IDS2018_cse_cic_ids2018_random_control_sample_hist_gradient_boosting_a0_clean_8.csv,
271,split_construction,CSE-CIC-IDS2018,cse_cic_ids2018_random_control_sample,8,logistic_regression,,2026-06-12T11:42:30.796432+00:00,2026-06-12T11:42:30.922369+00:00,0.12593746185302734,19997,,
272,preprocessing,CSE-CIC-IDS2018,cse_cic_ids2018_random_control_sample,8,logistic_regression,,2026-06-12T11:42:30.922497+00:00,2026-06-12T11:42:33.542794+00:00,2.6202967166900635,19997,,
273,model_training,CSE-CIC-IDS2018,cse_cic_ids2018_random_control_sample,8,logistic_regression,,2026-06-12T11:42:33.542936+00:00,2026-06-12T11:42:46.700358+00:00,13.1574227809906,19997,,
274,clean_profile,CSE-CIC-IDS2018,cse_cic_ids2018_random_control_sample,8,logistic_regression,,2026-06-12T11:42:46.700425+00:00,2026-06-12T11:42:46.727446+00:00,0.027021169662475586,19997,,
275,threat_evaluation,CSE-CIC-IDS2018,cse_cic_ids2018_random_control_sample,8,logistic_regression,a0_clean,2026-06-12T11:42:46.748685+00:00,2026-06-12T11:42:46.758631+00:00,0.009945154190063477,6000,,
276,result_writing,CSE-CIC-IDS2018,cse_cic_ids2018_random_control_sample,8,logistic_regression,a0_clean,2026-06-12T11:42:46.758788+00:00,2026-06-12T11:42:46.798372+00:00,0.03958415985107422,1,results/raw/tier_e_random_control_hgb_mlp_timed_cse_cic_ids2018/CSE-CIC-IDS2018_cse_cic_ids2018_random_control_sample_logistic_regression_a0_clean_8.csv,
277,split_construction,CSE-CIC-IDS2018,cse_cic_ids2018_random_control_sample,8,mlp_sklearn,,2026-06-12T11:42:46.798516+00:00,2026-06-12T11:42:46.927773+00:00,0.1292576789855957,19997,,
278,preprocessing,CSE-CIC-IDS2018,cse_cic_ids2018_random_control_sample,8,mlp_sklearn,,2026-06-12T11:42:46.927906+00:00,2026-06-12T11:42:49.542693+00:00,2.614786386489868,19997,,
279,model_training,CSE-CIC-IDS2018,cse_cic_ids2018_random_control_sample,8,mlp_sklearn,,2026-06-12T11:42:49.542869+00:00,2026-06-12T11:42:50.638134+00:00,1.0952649116516113,19997,,
280,clean_profile,CSE-CIC-IDS2018,cse_cic_ids2018_random_control_sample,8,mlp_sklearn,,2026-06-12T11:42:50.638208+00:00,2026-06-12T11:42:50.662326+00:00,0.024117708206176758,19997,,
281,threat_evaluation,CSE-CIC-IDS2018,cse_cic_ids2018_random_control_sample,8,mlp_sklearn,a0_clean,2026-06-12T11:42:50.683563+00:00,2026-06-12T11:42:50.695993+00:00,0.01242971420288086,6000,,
282,result_writing,CSE-CIC-IDS2018,cse_cic_ids2018_random_control_sample,8,mlp_sklearn,a0_clean,2026-06-12T11:42:50.696157+00:00,2026-06-12T11:42:50.699703+00:00,0.003546476364135742,1,results/raw/tier_e_random_control_hgb_mlp_timed_cse_cic_ids2018/CSE-CIC-IDS2018_cse_cic_ids2018_random_control_sample_mlp_sklearn_a0_clean_8.csv,
283,split_construction,CSE-CIC-IDS2018,cse_cic_ids2018_random_control_sample,8,random_forest,,2026-06-12T11:42:50.699851+00:00,2026-06-12T11:42:50.827478+00:00,0.12762713432312012,19997,,
284,preprocessing,CSE-CIC-IDS2018,cse_cic_ids2018_random_control_sample,8,random_forest,,2026-06-12T11:42:50.827616+00:00,2026-06-12T11:42:53.440837+00:00,2.6132214069366455,19997,,
285,model_training,CSE-CIC-IDS2018,cse_cic_ids2018_random_control_sample,8,random_forest,,2026-06-12T11:42:53.441019+00:00,2026-06-12T11:42:55.244733+00:00,1.8037142753601074,19997,,
286,clean_profile,CSE-CIC-IDS2018,cse_cic_ids2018_random_control_sample,8,random_forest,,2026-06-12T11:42:55.244814+00:00,2026-06-12T11:42:55.395552+00:00,0.15073800086975098,19997,,
287,threat_evaluation,CSE-CIC-IDS2018,cse_cic_ids2018_random_control_sample,8,random_forest,a0_clean,2026-06-12T11:42:55.416501+00:00,2026-06-12T11:42:55.469110+00:00,0.05260896682739258,6000,,
288,result_writing,CSE-CIC-IDS2018,cse_cic_ids2018_random_control_sample,8,random_forest,a0_clean,2026-06-12T11:42:55.469275+00:00,2026-06-12T11:42:55.472598+00:00,0.0033228397369384766,1,results/raw/tier_e_random_control_hgb_mlp_timed_cse_cic_ids2018/CSE-CIC-IDS2018_cse_cic_ids2018_random_control_sample_random_forest_a0_clean_8.csv,
289,dataset_load,CSE-CIC-IDS2018,cse_cic_ids2018_random_control_sample,9,,,2026-06-12T11:42:55.472641+00:00,2026-06-12T11:43:39.863436+00:00,44.39079475402832,20000,,
290,preprocess_manifest,CSE-CIC-IDS2018,cse_cic_ids2018_random_control_sample,9,,,2026-06-12T11:43:39.863583+00:00,2026-06-12T11:43:42.252956+00:00,2.3893730640411377,20000,,
291,split_construction,CSE-CIC-IDS2018,cse_cic_ids2018_random_control_sample,9,extra_trees,,2026-06-12T11:43:42.253149+00:00,2026-06-12T11:43:42.380161+00:00,0.1270124912261963,20000,,
292,preprocessing,CSE-CIC-IDS2018,cse_cic_ids2018_random_control_sample,9,extra_trees,,2026-06-12T11:43:42.380303+00:00,2026-06-12T11:43:44.894707+00:00,2.514404058456421,20000,,
293,model_training,CSE-CIC-IDS2018,cse_cic_ids2018_random_control_sample,9,extra_trees,,2026-06-12T11:43:44.894891+00:00,2026-06-12T11:43:46.003684+00:00,1.1087937355041504,20000,,
294,clean_profile,CSE-CIC-IDS2018,cse_cic_ids2018_random_control_sample,9,extra_trees,,2026-06-12T11:43:46.003797+00:00,2026-06-12T11:43:46.219695+00:00,0.2158982753753662,20000,,
295,threat_evaluation,CSE-CIC-IDS2018,cse_cic_ids2018_random_control_sample,9,extra_trees,a0_clean,2026-06-12T11:43:46.240656+00:00,2026-06-12T11:43:46.315248+00:00,0.07459187507629395,6000,,
296,result_writing,CSE-CIC-IDS2018,cse_cic_ids2018_random_control_sample,9,extra_trees,a0_clean,2026-06-12T11:43:46.315408+00:00,2026-06-12T11:43:46.318765+00:00,0.0033566951751708984,1,results/raw/tier_e_random_control_hgb_mlp_timed_cse_cic_ids2018/CSE-CIC-IDS2018_cse_cic_ids2018_random_control_sample_extra_trees_a0_clean_9.csv,
297,split_construction,CSE-CIC-IDS2018,cse_cic_ids2018_random_control_sample,9,hist_gradient_boosting,,2026-06-12T11:43:46.318857+00:00,2026-06-12T11:43:46.446240+00:00,0.1273822784423828,20000,,
298,preprocessing,CSE-CIC-IDS2018,cse_cic_ids2018_random_control_sample,9,hist_gradient_boosting,,2026-06-12T11:43:46.446377+00:00,2026-06-12T11:43:48.965470+00:00,2.519092559814453,20000,,
299,model_training,CSE-CIC-IDS2018,cse_cic_ids2018_random_control_sample,9,hist_gradient_boosting,,2026-06-12T11:43:48.965631+00:00,2026-06-12T11:43:49.687575+00:00,0.7219436168670654,20000,,
300,clean_profile,CSE-CIC-IDS2018,cse_cic_ids2018_random_control_sample,9,hist_gradient_boosting,,2026-06-12T11:43:49.687651+00:00,2026-06-12T11:43:49.721472+00:00,0.03382110595703125,20000,,
301,threat_evaluation,CSE-CIC-IDS2018,cse_cic_ids2018_random_control_sample,9,hist_gradient_boosting,a0_clean,2026-06-12T11:43:49.742464+00:00,2026-06-12T11:43:49.757022+00:00,0.014558076858520508,6000,,
302,result_writing,CSE-CIC-IDS2018,cse_cic_ids2018_random_control_sample,9,hist_gradient_boosting,a0_clean,2026-06-12T11:43:49.757179+00:00,2026-06-12T11:43:49.760556+00:00,0.0033767223358154297,1,results/raw/tier_e_random_control_hgb_mlp_timed_cse_cic_ids2018/CSE-CIC-IDS2018_cse_cic_ids2018_random_control_sample_hist_gradient_boosting_a0_clean_9.csv,
303,split_construction,CSE-CIC-IDS2018,cse_cic_ids2018_random_control_sample,9,logistic_regression,,2026-06-12T11:43:49.760647+00:00,2026-06-12T11:43:49.884269+00:00,0.12362289428710938,20000,,
304,preprocessing,CSE-CIC-IDS2018,cse_cic_ids2018_random_control_sample,9,logistic_regression,,2026-06-12T11:43:49.884387+00:00,2026-06-12T11:43:52.394443+00:00,2.5100560188293457,20000,,
305,model_training,CSE-CIC-IDS2018,cse_cic_ids2018_random_control_sample,9,logistic_regression,,2026-06-12T11:43:52.394575+00:00,2026-06-12T11:44:06.516317+00:00,14.121742486953735,20000,,
306,clean_profile,CSE-CIC-IDS2018,cse_cic_ids2018_random_control_sample,9,logistic_regression,,2026-06-12T11:44:06.516382+00:00,2026-06-12T11:44:06.539327+00:00,0.022945165634155273,20000,,
307,threat_evaluation,CSE-CIC-IDS2018,cse_cic_ids2018_random_control_sample,9,logistic_regression,a0_clean,2026-06-12T11:44:06.560655+00:00,2026-06-12T11:44:06.570488+00:00,0.009833574295043945,6000,,
308,result_writing,CSE-CIC-IDS2018,cse_cic_ids2018_random_control_sample,9,logistic_regression,a0_clean,2026-06-12T11:44:06.570651+00:00,2026-06-12T11:44:06.573919+00:00,0.0032684803009033203,1,results/raw/tier_e_random_control_hgb_mlp_timed_cse_cic_ids2018/CSE-CIC-IDS2018_cse_cic_ids2018_random_control_sample_logistic_regression_a0_clean_9.csv,
309,split_construction,CSE-CIC-IDS2018,cse_cic_ids2018_random_control_sample,9,mlp_sklearn,,2026-06-12T11:44:06.574003+00:00,2026-06-12T11:44:06.700789+00:00,0.126786470413208,20000,,
310,preprocessing,CSE-CIC-IDS2018,cse_cic_ids2018_random_control_sample,9,mlp_sklearn,,2026-06-12T11:44:06.700939+00:00,2026-06-12T11:44:09.220371+00:00,2.5194315910339355,20000,,
311,model_training,CSE-CIC-IDS2018,cse_cic_ids2018_random_control_sample,9,mlp_sklearn,,2026-06-12T11:44:09.220540+00:00,2026-06-12T11:44:10.070803+00:00,0.8502628803253174,20000,,
312,clean_profile,CSE-CIC-IDS2018,cse_cic_ids2018_random_control_sample,9,mlp_sklearn,,2026-06-12T11:44:10.070879+00:00,2026-06-12T11:44:10.095052+00:00,0.02417302131652832,20000,,
313,threat_evaluation,CSE-CIC-IDS2018,cse_cic_ids2018_random_control_sample,9,mlp_sklearn,a0_clean,2026-06-12T11:44:10.116030+00:00,2026-06-12T11:44:10.128924+00:00,0.012894153594970703,6000,,
314,result_writing,CSE-CIC-IDS2018,cse_cic_ids2018_random_control_sample,9,mlp_sklearn,a0_clean,2026-06-12T11:44:10.129089+00:00,2026-06-12T11:44:10.132524+00:00,0.003435373306274414,1,results/raw/tier_e_random_control_hgb_mlp_timed_cse_cic_ids2018/CSE-CIC-IDS2018_cse_cic_ids2018_random_control_sample_mlp_sklearn_a0_clean_9.csv,
315,split_construction,CSE-CIC-IDS2018,cse_cic_ids2018_random_control_sample,9,random_forest,,2026-06-12T11:44:10.132617+00:00,2026-06-12T11:44:10.260753+00:00,0.12813568115234375,20000,,
316,preprocessing,CSE-CIC-IDS2018,cse_cic_ids2018_random_control_sample,9,random_forest,,2026-06-12T11:44:10.260885+00:00,2026-06-12T11:44:12.778825+00:00,2.517939329147339,20000,,
317,model_training,CSE-CIC-IDS2018,cse_cic_ids2018_random_control_sample,9,random_forest,,2026-06-12T11:44:12.779020+00:00,2026-06-12T11:44:14.578613+00:00,1.799593448638916,20000,,
318,clean_profile,CSE-CIC-IDS2018,cse_cic_ids2018_random_control_sample,9,random_forest,,2026-06-12T11:44:14.578695+00:00,2026-06-12T11:44:14.725600+00:00,0.14690518379211426,20000,,
319,threat_evaluation,CSE-CIC-IDS2018,cse_cic_ids2018_random_control_sample,9,random_forest,a0_clean,2026-06-12T11:44:14.746651+00:00,2026-06-12T11:44:14.797875+00:00,0.0512242317199707,6000,,
320,result_writing,CSE-CIC-IDS2018,cse_cic_ids2018_random_control_sample,9,random_forest,a0_clean,2026-06-12T11:44:14.798036+00:00,2026-06-12T11:44:14.801418+00:00,0.0033822059631347656,1,results/raw/tier_e_random_control_hgb_mlp_timed_cse_cic_ids2018/CSE-CIC-IDS2018_cse_cic_ids2018_random_control_sample_random_forest_a0_clean_9.csv,
